drugName_clean,n_reviews,patient_mean,patient_expected,patient_std,pct_high,pct_none,drug_name,log_reports,serious_rate,death_rate,hosp_rate,lifethreat_rate,disability_rate,no_faers,faers_severity,patient_z,faers_z,divergence_z,flag
abilify,591,1.2351945854483926,1.3079773215534436,0.6785294563418482,0.19627749576988154,0.34686971235194586,abilify,11.694638503321052,0.6658382192272086,0.0558177542818071,0.2939562730350383,0.0443023197638543,0.0365725530743958,0,0.4635899995306494,0.6746373320478556,0.06720012678838491,0.6074372052594706,agreement
abreva,205,1.1073170731707318,1.1689238653679106,0.42645193414085775,0.06341463414634146,0.16585365853658537,abreva,9.583282288378786,0.0191631626111532,0.0006198774020249,0.009091535229699,0.0004821268682416,0.0003443763344582,0,0.01154135872893438,0.1163628559443379,-2.411387231026448,2.527750086970786,patient-worse-than-FAERS
acamprosate,143,0.35664335664335667,0.6598019737322584,0.4560887418512112,0.04195804195804196,0.7972027972027972,acamprosate,5.749392985908253,0.8466453674121406,0.108626198083067,0.4600638977635782,0.0287539936102236,0.0,0,0.6156549520766772,-1.927669454525459,0.9009738292794447,-2.8286432838049036,FAERS-worse-than-patient
acanya,55,1.0363636363636364,1.1730972352088842,0.4359889573115717,0.05454545454545454,0.21818181818181817,acanya,4.890349128221754,0.2954545454545454,0.0227272727272727,0.0757575757575757,0.0,0.0151515151515151,0,0.15984848484848474,0.13311818102196196,-1.5982177295722744,1.7313359105942363,agreement
accutane,439,1.6469248291571754,1.6211095425914657,0.5211223089872411,0.19134396355353075,0.12300683371298406,accutane,10.263153020397368,0.6493560883677102,0.024357900614182,0.1288735343383584,0.0167853154662199,0.0332914572864321,0,0.32033376676715264,1.9318065635546675,-0.7182752743234395,2.650081837878107,patient-worse-than-FAERS
acetaminophen,39,0.48717948717948717,0.818502314857181,0.4809574571967917,0.10256410256410256,0.717948717948718,acetaminophen,13.412432598348609,0.7127890854971387,0.1509085549165817,0.2922100562805738,0.0427977775084211,0.0375303587381539,0,0.5713597818294548,-1.2905162889058084,0.6581029541623158,-1.9486192430681242,agreement
acetazolamide,93,1.1827956989247312,1.2786324276337349,0.7483694172765325,0.23655913978494625,0.3763440860215054,acetazolamide,8.676075516476429,0.8057689025430961,0.0790102389078498,0.3549488054607508,0.065358361774744,0.024914675767918,0,0.5679422748584918,0.5568228905464503,0.6393647282084666,-0.08254183766201628,agreement
aciphex,43,0.37209302325581395,0.7765548801330429,0.613070891367594,0.06976744186046512,0.7906976744186046,aciphex,10.201553030367595,0.8067629263947144,0.124480403800475,0.3203310570071259,0.0423099762470308,0.0321407363420427,0,0.5830213066595068,-1.4589276523260664,0.7220432150274935,-2.18097086735356,FAERS-worse-than-patient
acyclovir,136,0.5808823529411765,0.7654937660390645,0.5515174248235782,0.07352941176470588,0.6176470588235294,acyclovir,11.63413373890572,0.7256833314124104,0.1276254595384683,0.3711919209815298,0.0542410417681711,0.0173007928422731,0,0.5864298078570844,-1.5033360247990077,0.7407320622330276,-2.2440680870320353,FAERS-worse-than-patient
aczone,168,1.0,1.1325260501965548,0.45339264248829364,0.05357142857142857,0.27976190476190477,aczone,9.248406572782638,0.7560670261941448,0.088187157023202,0.3614133050929046,0.0620968518340232,0.0196399345335515,0,0.5591393530686024,-0.02976778872650904,0.5910982172826587,-0.6208660060091677,agreement
adalimumab,382,0.581151832460733,0.7436637047673633,0.6026126283680019,0.09162303664921466,0.6727748691099477,adalimumab,13.481984178043346,0.5140651001239683,0.0429680956794604,0.2119984589442651,0.0173913164859462,0.0237746931847368,0,0.3337421936068562,-1.5909797724201087,-0.6447567317300288,-0.9462230406900799,agreement
adapalene,238,1.2436974789915967,1.2931387692757088,0.3801006580675189,0.046218487394957986,0.09663865546218488,adapalene,12.113716099452022,0.0085273698410783,0.0001919333168819,0.002511584546626,0.0003399961613336,0.0003180609251185,0,0.00450057611916822,0.6150632284891919,-2.4499919146612426,3.0650551431504347,patient-worse-than-FAERS
adderall,262,1.1603053435114503,1.2157084547389982,0.4290747189565582,0.061068702290076333,0.2099236641221374,adderall,10.609748372241455,0.4357511545775604,0.0122881042268117,0.1184642337207294,0.0125101783995854,0.024132060108076,0,0.22914615225576607,0.304194520380015,-1.2182579047686315,1.5224524251486464,agreement
adderall xr,146,1.1027397260273972,1.1722719720643648,0.4451954370544471,0.04794520547945205,0.21232876712328766,adderall xr,10.609723697637792,0.4357372190664361,0.0122884074421359,0.1184671568869367,0.0125104870947046,0.0241326555791343,0,0.22914440018669274,0.12980489876136597,-1.218267511381423,1.348072410142789,agreement
advair diskus,75,0.5733333333333334,0.8146614468863486,0.5022256155065403,0.04,0.5866666666666667,advair diskus,10.518808317631567,0.416441392733564,0.0514809209815155,0.2319478975245919,0.0103502324073073,0.010539401145822,0,0.3080450542918019,-1.3059366791141485,-0.7856544115136475,-0.520282267600501,agreement
afrezza,54,0.2962962962962963,0.775731299801941,0.3783220300935567,0.018518518518518517,0.8333333333333334,afrezza,8.950532836290382,0.6992607962650759,0.0990792374529892,0.3911295551809104,0.0741797432239657,0.0354039683568927,0,0.5885488263519646,-1.46223417839516,0.7523506624860247,-2.2145848408811846,FAERS-worse-than-patient
afrin,40,0.75,1.0270896043330164,0.5064611902427983,0.1,0.55,afrin,8.301769763117166,0.6013899230578307,0.03424317617866,0.1446650124069479,0.0178660049627791,0.0183622828784119,0,0.3141390612845948,-0.453076048667536,-0.752240908347299,0.299164859679763,agreement
aftera,74,0.8648648648648649,1.0858047647277151,0.5098119662387458,0.08108108108108109,0.40540540540540543,aftera,8.308691916838898,0.6015779092702169,0.0135534746180384,0.1567274519467718,0.0320354854608181,0.0246426811237062,0,0.3152688385277382,-0.217345299444384,-0.7460463280759462,0.5287010286315622,agreement
albuterol,106,0.27358490566037735,0.5524444757828976,0.4126701469755812,0.02830188679245283,0.8113207547169812,albuterol,12.582723241011214,0.5683024259889606,0.0635931356740474,0.285836323839192,0.0321705240189654,0.0251854342351738,0,0.42036824857012556,-2.3586903911319914,-0.16978517931358855,-2.188905211818403,FAERS-worse-than-patient
aleve,86,0.7558139534883721,0.9366617472205947,0.5356990387502024,0.08139534883720931,0.46511627906976744,aleve,11.498603391962671,0.5099228896103896,0.0881950150643659,0.2246162898039096,0.0810635340901021,0.0868762490236059,0,0.4791442284380434,-0.8161275393636246,0.15248412424063104,-0.9686116636042557,agreement
alfuzosin,46,0.6739130434782609,0.9861260279685845,0.6258581514484867,0.043478260869565216,0.5217391304347826,alfuzosin,8.63817111796914,0.6748270356572645,0.0806451612903225,0.3598014888337469,0.0455512229705778,0.0235732009925558,0,0.5159362354756266,-0.6175373987232057,0.35421507812704783,-0.9717524768502535,agreement
allegra,58,0.43103448275862066,0.700869251617445,0.49091245041956205,0.017241379310344827,0.6724137931034483,allegra,9.90912165115322,0.3295511097840151,0.0270485282418456,0.1344968178202068,0.0168556085918854,0.0162589498806682,0,0.21802802187712958,-1.7627917616203657,-1.2792187282546887,-0.4835730333656769,agreement
alli,66,0.696969696969697,0.9461603720883164,0.4256390824189482,0.045454545454545456,0.48484848484848486,alli,10.059507911994038,0.1966799298335686,0.004876796714579,0.0604893908281998,0.0082563312799452,0.0096680355920602,0,0.10749816101714778,-0.7779922785279945,-1.885255094833991,1.1072628163059965,agreement
allopurinol,48,0.3541666666666667,0.7949405749718568,0.5655287742131917,0.041666666666666664,0.7708333333333334,allopurinol,11.943161231403604,0.8215723904628696,0.1410825892131294,0.4908006581642939,0.0701868484206008,0.0281085580869011,0,0.7087801048314486,-1.3851124129533545,1.4115800018877527,-2.7966924148411074,FAERS-worse-than-patient
alprazolam,923,0.4442036836403034,0.699255842705536,0.43609543822556657,0.02600216684723727,0.6446370530877573,alprazolam,12.220251646703444,0.7071205628997027,0.1638411673362746,0.3202878903650391,0.0400581696285524,0.0245692736190875,0,0.5853663086249081,-1.7692693065857705,0.7349008849790865,-2.504170191564857,FAERS-worse-than-patient
alprostadil,78,0.7435897435897436,0.9824305380774795,0.5893055850327302,0.0641025641025641,0.5256410256410257,alprostadil,8.17948018535889,0.6538569424964937,0.0751542344363432,0.2010656197420078,0.0504767246214245,0.0263600673022994,0,0.43067755386504436,-0.6323741222358511,-0.11325915209996505,-0.519114970135886,agreement
ambien,381,0.8530183727034121,1.0133038118701883,0.524171714169491,0.09711286089238845,0.3989501312335958,ambien,11.346882686945891,0.6330258978022887,0.0871900826446281,0.3102833530106257,0.0359622195985832,0.0285596221959858,0,0.4810010397066842,-0.5084235119811299,0.16266503956898817,-0.671088551550118,agreement
ambien cr,59,0.7627118644067796,0.9710777066979626,0.4513645680475207,0.03389830508474576,0.3728813559322034,ambien cr,11.346882686945891,0.6330258978022887,0.0871900826446281,0.3102833530106257,0.0359622195985832,0.0285596221959858,0,0.4810010397066842,-0.6779536868475704,0.16266503956898817,-0.8406187264165585,agreement
amiodarone,36,1.1944444444444444,1.410026454930349,0.7517028653368341,0.2777777777777778,0.4722222222222222,amiodarone,9.29532469588118,0.8581801470588235,0.1731581848245452,0.4969685835017454,0.1226345765203013,0.045654969685835,0,0.8091626606893905,1.0843461450154048,1.9619785905293936,-0.8776324455139888,agreement
amitiza,174,0.9252873563218391,1.095817266561316,0.6233648718681297,0.11494252873563218,0.41954022988505746,amitiza,9.130864170474386,0.6717210007581501,0.102328099621007,0.3289658906334596,0.041797509474824,0.0264212236058473,0,0.5202602092691342,-0.1771469155352428,0.3779234710139353,-0.5550703865491782,agreement
amitriptyline,920,1.1521739130434783,1.2513092895749394,0.5917030433365027,0.18043478260869567,0.2826086956521739,amitriptyline,9.73737393458638,0.8061634922512717,0.0758058802692171,0.3322115952296611,0.0699610343606092,0.0688983351044987,0,0.5879583876210656,0.44712543315333353,0.7491132808375031,-0.30198784768416953,agreement
amlodipine,250,1.064,1.2217760028566824,0.7735534206958343,0.22,0.484,amlodipine,12.975094629335274,0.7433925172764723,0.1028804486362477,0.3850647695409357,0.0545593585613978,0.0313535559520774,0,0.5840255646052296,0.32855462864020385,0.7275495716970746,-0.3989949430568707,agreement
amoxicillin,147,1.2040816326530612,1.2983042435013816,0.7012579554877199,0.1836734693877551,0.41496598639455784,amoxicillin,11.512485368141824,0.7945204108190355,0.0740333149917462,0.3977389825421439,0.0603871742284027,0.0301935871142013,0,0.5807041798711918,0.6358016732302996,0.7093383849592382,-0.07353671172893861,agreement
amphetamine,56,0.7142857142857143,0.9778147925173178,0.554642365586741,0.05357142857142857,0.42857142857142855,amphetamine,10.805740210106356,0.4923879506333225,0.087947750598353,0.1331386150663259,0.0174840777250415,0.0216826903573891,0,0.33139858875171824,-0.6509055058138917,-0.6576067413116445,0.006701235497752811,agreement
ampyra,52,0.6923076923076923,0.8787024303521578,0.5196795124096998,0.038461538461538464,0.4423076923076923,ampyra,11.172925011505574,0.2820130946694017,0.0246150387771158,0.1420563111161065,0.00375126447117,0.0203860851972575,0,0.19751839395100582,-1.0488237135376168,-1.3916732296132595,0.3428495160756426,agreement
amrix,40,0.825,1.0694325114684562,0.44237379952218064,0.0,0.425,amrix,9.027618735160887,0.6016622500602264,0.0846440148877416,0.2643774762876696,0.0295353583863609,0.0268939848721335,0,0.4397855041692265,-0.2830769350446636,-0.06332016668566356,-0.21975676835900002,agreement
anafranil,50,1.04,1.13282353077853,0.7113691709680301,0.22,0.46,anafranil,8.400659375160286,0.9192895683453236,0.088334457181389,0.5396718363677231,0.1027197122948977,0.0328163632276916,0,0.7391044699641499,-0.028573457994941116,1.5778488085329274,-1.6064222665278685,agreement
anastrozole,115,1.626086956521739,1.5802120699213915,0.753146803930512,0.3826086956521739,0.30434782608695654,anastrozole,10.48508845835116,0.6803455119783076,0.0671101545685775,0.2172345361545127,0.0306062554154903,0.0335131509070072,0,0.4277752862066234,1.7676106078757248,-0.12917231559139639,1.8967829234671212,agreement
androgel,78,0.8974358974358975,1.116041274338965,0.5103242166329784,0.07692307692307693,0.4230769230769231,androgel,10.562922818610538,0.5590502302001966,0.0443720425102784,0.2135857057895689,0.0255992552943914,0.033951335557107,0,0.36312530359060985,-0.09595118220721988,-0.4836488367702032,0.38769765456298333,agreement
apixaban,53,1.2264150943396226,1.2151620334567643,0.6963863303975343,0.20754716981132076,0.4339622641509434,apixaban,11.07195234310307,0.9564149594304724,0.1087503885607709,0.4391047559838358,0.0760646565122785,0.0286757848927572,0,0.6961520290165834,0.30200073776260244,1.342340132008393,-1.0403393942457906,agreement
apremilast,195,1.3025641025641026,1.3360928646277117,0.7246005093576581,0.27692307692307694,0.3230769230769231,apremilast,11.87778383316698,0.2322177475350645,0.039387627577588,0.077414427549816,0.0292022495313476,0.032937582448101,0,0.19417827295176412,0.7875161522564678,-1.409987147486366,2.197503299742834,patient-worse-than-FAERS
apri,283,1.5123674911660778,1.560578544344914,0.6138614331455289,0.23674911660777384,0.2226148409893993,apri,7.836369760545124,0.8406484776591538,0.2130434782608695,0.4015810276679842,0.2430830039525691,0.350592885375494,0,1.1059099583175087,1.6887855537853877,3.589047082677328,-1.9002615288919402,agreement
arimidex,47,1.6595744680851063,1.588452178168507,0.8391404929245327,0.3829787234042553,0.2978723404255319,arimidex,10.484445398482496,0.6803916083916084,0.0671533255020417,0.2172064664093528,0.0305979750517424,0.0335067405045589,0,0.42780713961878575,1.8006931521064615,-0.12899766300412435,1.9296908151105858,agreement
aripiprazole,663,1.2277526395173455,1.297790703008416,0.6759469573983,0.1975867269984917,0.3469079939668175,aripiprazole,11.72593786908498,0.6502594862011544,0.0546876894107759,0.2882033958574095,0.0430502913390281,0.0356072054889727,0,0.4532325101133303,0.6337399010346784,0.010409905534896825,0.6233299954997815,agreement
armodafinil,266,1.0037593984962405,1.103518782774394,0.5627946299831394,0.07894736842105263,0.3458646616541353,armodafinil,9.945636666044289,0.4597535835850233,0.0154841802492809,0.1205656759348034,0.0067114093959731,0.011025886864813,0,0.22678034161433713,-0.1462267209064796,-1.2312296689054063,1.0850029479989267,agreement
armour thyroid,137,0.6496350364963503,0.8701255967854609,0.6425482526476292,0.12408759124087591,0.6715328467153284,armour thyroid,9.245804036251752,0.4280057943022694,0.0201737451737451,0.1322393822393822,0.0149613899613899,0.0352316602316602,0,0.2513264487153911,-1.0832581490232482,-1.0966431106174725,0.01338496159422431,agreement
arthrotec,32,1.09375,1.2078629922603332,0.4192650697768653,0.09375,0.3125,arthrotec,8.797850648931053,0.7556663644605621,0.0453240670796192,0.2600090648134159,0.0303671249433449,0.0462305484212116,0,0.4586835926740198,0.2726964075303597,0.04029824741193012,0.23239816011842956,agreement
asenapine,245,1.0489795918367346,1.157922840948442,0.6308979899263515,0.14285714285714285,0.34285714285714286,asenapine,9.063347348235522,0.476300845984471,0.0477293790546802,0.1678637627432808,0.0294253938832252,0.023401297497683,0,0.31447273757662014,0.07219573264618385,-0.7504113577981594,0.8226070904443432,agreement
atenolol,151,0.7615894039735099,0.9332933226484333,0.7027280743306739,0.1456953642384106,0.5894039735099338,atenolol,11.800710032169244,0.7032575513234974,0.0849444302791234,0.3600482954119359,0.0473879981401766,0.0351191636794504,0,0.5384396564698971,-0.8296511547767397,0.4776015674328512,-1.3072527222095909,agreement
ativan,301,0.7674418604651163,0.9844831680486946,0.5902124429223339,0.10963455149501661,0.5548172757475083,ativan,12.081336744628617,0.76915886262046,0.1439463026423857,0.4160808858931151,0.0723384972669857,0.0383811492820527,0,0.6674720066861067,-0.6241331841588749,1.1850872738998175,-1.8092204580586924,agreement
atomoxetine,290,1.2275862068965517,1.30161977711808,0.6351244591467897,0.19655172413793104,0.3103448275862069,atomoxetine,10.187312194660604,0.4345419631763244,0.0823702142077325,0.1638745623611791,0.0737492000150585,0.0681398938372924,0,0.40136737003937084,0.6491129410235732,-0.2739671921832206,0.9230801332067937,agreement
atorvastatin,112,1.3928571428571428,1.4456250268100228,0.907776039982824,0.375,0.41964285714285715,atorvastatin,12.415672899008923,0.651358653760335,0.0765176211096514,0.2850070549311536,0.0300037301934835,0.0315404077263659,0,0.4605100142665716,1.2272679724286093,0.05031253583299547,1.1769554365956139,agreement
atralin,36,1.2777777777777777,1.2916784868861677,0.3723115832139436,0.05555555555555555,0.1111111111111111,atralin,8.73214326770192,0.6351744186046512,0.1282671829622458,0.2118425298483381,0.0719586963536624,0.0448531784446595,0,0.5137049554620017,0.6092004588152291,0.34198094680943697,0.26721951200579214,agreement
aubra,110,1.7454545454545454,1.7216501663395025,0.747673093940074,0.38181818181818183,0.17272727272727273,aubra,6.356107660695892,0.7321739130434782,0.0347826086956521,0.3026086956521739,0.0417391304347826,0.0365217391304347,0,0.46469565217391284,2.3354589832051746,0.0732624316298885,2.262196551575286,patient-worse-than-FAERS
augmentin,222,1.2792792792792793,1.3290346737494942,0.7962462660862505,0.21621621621621623,0.3783783783783784,augmentin,10.19260609277387,0.7758963024013786,0.0971390053924505,0.4921360095865787,0.0684167165967645,0.0219817255841821,0,0.6460964820924926,0.7591787924894587,1.0678850521866203,-0.3087062596971616,agreement
aviane,331,1.392749244712991,1.4354380608739918,0.6554314457808208,0.24169184290030213,0.20241691842900303,aviane,6.950814768442584,0.5848513902205177,0.0268456375838926,0.2329817833173537,0.0325982742090124,0.0297219558964525,0,0.3656759348034514,1.1863691467033861,-0.4696636995350046,1.6560328462383906,agreement
azathioprine,65,1.1076923076923078,1.2356197047702524,0.8130673335477764,0.27692307692307694,0.5230769230769231,azathioprine,11.386352662245924,0.8686008762968512,0.1022471910112359,0.3466235387583702,0.0620701395982294,0.0390307570082851,0,0.6131168648638594,0.38413458792449257,0.8870574709256961,-0.5029228830012036,agreement
azelaic acid,71,0.8450704225352113,1.09394186182079,0.5839890529604671,0.11267605633802817,0.43661971830985913,azelaic acid,6.794586580876499,0.5303370786516854,0.0739910313901345,0.179372197309417,0.0672645739910313,0.0751121076233183,0,0.42916838816949654,-0.18467632636558046,-0.12153392316707555,-0.0631424031985049,agreement
azelastine,60,0.5833333333333334,0.8008468241051411,0.5710715370532048,0.06666666666666667,0.5666666666666667,azelastine,9.967729154597594,0.4297652582159624,0.0280408890556128,0.1768264090781206,0.0130826221513645,0.0176779517959298,0,0.26822433503770426,-1.36139989094152,-1.0039918257070752,-0.3574080652344447,agreement
azithromycin,724,1.117403314917127,1.2097997151653368,0.6681947935907998,0.17403314917127072,0.35497237569060774,azithromycin,10.972224655585418,0.7360989435712445,0.0879741727199354,0.3693781876255731,0.0577679322720794,0.0266858997475658,0,0.5583874252450549,0.28047199970050984,0.5869753892743083,-0.3065033895737984,agreement
azor,53,0.41509433962264153,0.6746583812559236,0.5448704536209902,0.03773584905660377,0.6981132075471698,azor,7.822044008185619,0.5801924619085806,0.0356856455493183,0.3500400962309543,0.0180433039294306,0.0148356054530874,0,0.4095829991980753,-1.8680236653838476,-0.2289208128087679,-1.6391028525750797,agreement
baclofen,218,0.8348623853211009,0.9972945648900363,0.5397869578107717,0.08256880733944955,0.44954128440366975,baclofen,11.376693285645317,0.6603472978394177,0.0741093017659259,0.324891420189542,0.0315483079884945,0.0247183800694452,0,0.4772007136519294,-0.5726977430274345,0.14182781263211697,-0.7145255556595514,agreement
bactrim,271,1.5608856088560885,1.4860094538682482,0.8116640614775117,0.36162361623616235,0.3210332103321033,bactrim,11.292777422635815,0.8266404019499058,0.1222971373023093,0.5075337429429579,0.0805094779346701,0.0371016587943518,0,0.7144348728625424,1.3894041427701067,1.4425851532988647,-0.05318101052875801,agreement
bactrim ds,170,1.5058823529411764,1.50099396215244,0.7625851440301397,0.32941176470588235,0.3058823529411765,bactrim ds,10.188591303973109,0.8147172792596216,0.1514080535398729,0.4671579501447531,0.1009136368763394,0.0693687257961424,0,0.7586912299485071,1.4495642332957552,1.685243215452682,-0.23567898215692673,agreement
beclomethasone,47,0.8723404255319149,1.05828584684272,0.6056358560712359,0.1702127659574468,0.5531914893617021,beclomethasone,9.194007717355284,0.6398576512455516,0.0587577513469553,0.2351326623970722,0.0505235335976415,0.0520483887364033,0,0.4451340769127524,-0.3278287774291599,-0.033993887192941316,-0.29383489023621856,agreement
belbuca,49,1.3061224489795917,1.2515062657736822,0.5076777671609546,0.12244897959183673,0.30612244897959184,belbuca,8.887100204123687,0.7493779375172795,0.1347243332872737,0.1414950946524803,0.0384137073372944,0.0286030122979135,0,0.48103833634707266,0.44791625696436693,0.16286953743274,0.28504671953162697,agreement
belsomra,265,1.0264150943396226,1.178644155766412,0.6502837480580713,0.1320754716981132,0.33962264150943394,belsomra,9.45727857185611,0.3433348960775121,0.053984375,0.15640625,0.0265625,0.016875,0,0.26825046882325365,0.155388063793591,-1.0038485338914873,1.1592365976850783,agreement
benadryl,39,0.7692307692307693,0.9711132243546285,0.6058953596452675,0.07692307692307693,0.48717948717948717,benadryl,11.471551234662522,0.67865374787497,0.0868196693973693,0.2722573114043316,0.0376774435620036,0.0252433660600754,0,0.4743567605536818,-0.6778110898801051,0.12623438847529767,-0.8040454783554027,agreement
benicar,83,0.7590361445783133,0.9254347869353646,0.6100619683529394,0.07228915662650602,0.5301204819277109,benicar,10.5946327304254,0.6505311685708559,0.0436133169668578,0.3738320098198853,0.0297352138079611,0.0211929156541997,0,0.4643118844523659,-0.861201754297981,0.07115822925627502,-0.932359983554256,agreement
benzonatate,274,0.6970802919708029,0.8944051141618048,0.5046531521442953,0.06934306569343066,0.5182481751824818,benzonatate,9.6778408710038,0.6525721455457968,0.1210602168055642,0.3426906447772417,0.0290118428472961,0.0150385362491384,0,0.5219136325101578,-0.9857802781730673,0.38698920769008177,-1.3727694858631492,agreement
beyaz,118,1.5169491525423728,1.5301494664697288,0.6562540938273492,0.2627118644067797,0.19491525423728814,beyaz,7.393263094763838,0.4747536945812808,0.0135467980295566,0.2801724137931034,0.0560344827586206,0.0449507389162561,0,0.3723522167487683,1.5666183097981823,-0.4330575768011276,1.9996758865993098,agreement
bisacodyl,698,1.677650429799427,1.6476107602305423,0.7682709354848465,0.3853868194842407,0.22206303724928367,bisacodyl,9.531698970787348,0.8628418074998186,0.175429690332874,0.5125099717165856,0.0765102618028863,0.0409746899702661,0,0.7804277108626078,2.0382041591226665,1.8044245643923087,0.2337795947303578,agreement
blisovi 24 fe,119,1.7563025210084033,1.6171335143581722,0.6749064413654464,0.40336134453781514,0.19327731092436976,blisovi 24 fe,6.297109319933935,0.3696857670979667,0.018450184501845,0.1309963099630996,0.022140221402214,0.029520295202952,0,0.2332304533766224,1.9158435293388691,-1.195863639616745,3.111707168955614,patient-worse-than-FAERS
bonine,35,0.7428571428571429,0.8234493377580044,0.4715116639656139,0.02857142857142857,0.42857142857142855,bonine,7.887959336599945,0.5009402030838661,0.066066066066066,0.2473723723723723,0.0067567567567567,0.0153903903903903,0,0.35621299185609057,-1.2706548867228638,-0.5215491132715757,-0.749105773451288,agreement
botox,209,1.1148325358851674,1.1739678711902617,0.6017256629707046,0.1722488038277512,0.24880382775119617,botox,11.230615602986802,0.191378738643146,0.0267098126069254,0.0600904473296818,0.0068697531928437,0.0144689203347346,0,0.12979270465329928,0.13661362701599658,-1.7630138822361305,1.899627509252127,agreement
breo ellipta,62,0.9516129032258065,1.0507709155727258,0.6637699123451168,0.20967741935483872,0.532258064516129,breo ellipta,10.468886585227278,0.4139440984958344,0.0405090619851144,0.2054428725640588,0.0137208113175387,0.0114198056928583,0,0.28638424085492586,-0.35799986725890315,-0.9044208748955741,0.5464210076366709,agreement
brexpiprazole,118,1.228813559322034,1.2621061346399072,0.7255532551431128,0.19491525423728814,0.3135593220338983,brexpiprazole,9.68948955288162,0.4054757185332012,0.0628638672116932,0.1252322556670382,0.0122630992196209,0.0102192493496841,0,0.2640866645256482,0.4904728132729142,-1.02667871578111,1.517151529054024,agreement
brimonidine,101,1.2772277227722773,1.3198486718127107,0.7235545096291897,0.2376237623762376,0.38613861386138615,brimonidine,10.234911352935114,0.4247800323217813,0.042932012348338,0.1580156508004881,0.0152200445114509,0.0195276042788427,0,0.27521920604946704,0.7222986561776993,-0.9656388758374495,1.6879375320151486,agreement
budesonide,65,0.5846153846153846,0.7494803982765162,0.6208965228685464,0.07692307692307693,0.6307692307692307,budesonide,11.931392349144067,0.6150999064817376,0.0668654005606664,0.2968636896066122,0.0308103341624879,0.020393256208789,0,0.4387507639846364,-1.5676268000413112,-0.06899365778520428,-1.4986331422561068,agreement
buprenorphine,361,1.0166204986149585,1.1530718550855927,0.5373661867674646,0.0886426592797784,0.3878116343490305,buprenorphine,11.71996402430102,0.6078836318695168,0.2307523454903172,0.1358026698752865,0.02671501276402,0.0442757028341002,0,0.5333837721839016,0.05271990180056809,0.44988010177017757,-0.3971601999696095,agreement
bupropion,1360,1.0044117647058823,1.1039559733666955,0.5301659585714201,0.07352941176470588,0.31691176470588234,bupropion,11.893298380666636,0.5554590587688226,0.0912552467152486,0.2264461792975212,0.0294226220587632,0.024261358198548,0,0.4116371023806501,-0.14447147975268287,-0.2176581438823716,0.07318666412968872,agreement
buspirone,619,1.0646203554119547,1.1498514408583682,0.6075110033151485,0.1147011308562197,0.3376413570274637,buspirone,9.267476563346992,0.5632510171255559,0.0670633796165108,0.2307546991593463,0.0182299045999811,0.0165297062435061,0,0.37757075238428983,0.03979052115186808,-0.4044442921121831,0.4442348132640512,agreement
butorphanol,48,1.1875,1.3618448442162956,0.6486072291212243,0.10416666666666667,0.25,butorphanol,5.771441123130016,0.45,0.025,0.153125,0.0375,0.015625,0,0.2775,0.890905692565793,-0.9531332590933184,1.8440389516591114,agreement
butrans,146,1.3424657534246576,1.3672364249588413,0.5264538720520979,0.136986301369863,0.22602739726027396,butrans,11.33178720780105,0.6332450347001642,0.3111193681005861,0.122244729177404,0.0286344404358092,0.0489266579568745,0,0.6193714560177969,0.9125519140764504,0.9213514587031083,-0.008799544626657885,agreement
byetta,69,0.8115942028985508,0.9573475291637492,0.5180979963143686,0.07246376811594203,0.4057971014492754,byetta,10.864923719378258,0.2796321786342433,0.0336850959700237,0.1439741530932171,0.0135352144987382,0.008086717136958,0,0.20605069970176637,-0.733077866281801,-1.344890509219853,0.611812642938052,agreement
bystolic,139,0.9424460431654677,1.0845012160390841,0.6336214815955401,0.10071942446043165,0.43884892086330934,bystolic,9.783069799056989,0.5069667738478028,0.0476029328821206,0.2446700507614213,0.0201917653694303,0.0199097574732092,0,0.3521182329439627,-0.22257881165748516,-0.5440007186008162,0.32142190694333106,agreement
cabergoline,34,1.5,1.6045688534656728,0.7106683070030602,0.2647058823529412,0.29411764705882354,cabergoline,8.468423027046809,0.8185831406348539,0.0527200168031926,0.3322831337954211,0.0489392984667086,0.0375971434572568,0,0.5299059650848059,1.8653986884151075,0.4308112495921253,1.4345874388229822,agreement
camila,34,1.5294117647058822,1.5078280823718269,0.8009910462677617,0.38235294117647056,0.3235294117647059,camila,8.043663352393944,0.5258592997108898,0.0173466109861869,0.2171538708641182,0.0430452939286861,0.0218438805011243,0,0.33340828782524884,1.4770019898950306,-0.6465875405729123,2.123589530467943,patient-worse-than-FAERS
camrese,84,1.619047619047619,1.5465855397218746,0.6664225858511792,0.2976190476190476,0.19047619047619047,camrese,5.5053315359323625,0.3673469387755102,0.0,0.1142857142857142,0.0122448979591836,0.0122448979591836,0,0.18571428571428555,1.6326061711268343,-1.4563952767671322,3.0890014478939665,patient-worse-than-FAERS
canagliflozin,196,1.4081632653061225,1.4164660337189343,0.7503619534975453,0.2653061224489796,0.3520408163265306,canagliflozin,10.33993439825302,0.6386581779400834,0.0226868758685324,0.3548460071744821,0.0368096176841288,0.0429822576996412,0,0.45124260737485034,1.1101998891303881,-0.0005007516946667347,1.1107006408250548,agreement
capsaicin,48,1.5625,1.5823151032221106,0.6901225982821129,0.3333333333333333,0.2916666666666667,capsaicin,8.108021221376747,0.5864457831325302,0.0469879518072289,0.1930722891566265,0.0225903614457831,0.0346385542168674,0,0.36177710843373484,1.7760539062042515,-0.49104100471427925,2.267094910918531,patient-worse-than-FAERS
carbamazepine,232,1.1810344827586208,1.2478940948413786,0.6560793453170517,0.15948275862068967,0.375,carbamazepine,11.09806132401622,0.859364589012054,0.0843402683141031,0.3875715453802126,0.0580993912964477,0.0282093213409648,0,0.6021614556836592,0.4334140440014794,0.8269888494482044,-0.39357480544672496,agreement
cariprazine,80,0.9875,1.118347842399057,0.6427341592027961,0.1,0.3875,cariprazine,9.09425589295538,0.3532981233846499,0.0266202403684151,0.1371447826575311,0.0159496798831854,0.0168482533977311,0,0.2257355899975357,-0.0866907286329711,-1.2369580527909725,1.1502673241580015,agreement
carisoprodol,181,1.022099447513812,1.151035325908516,0.5122087145734577,0.09944751381215469,0.3812154696132597,carisoprodol,9.847128818866745,0.6878835978835979,0.2119769348780616,0.2451991747341692,0.0229064169708511,0.0357615193355552,0,0.584299798721795,0.04454360549992039,0.7290532001853611,-0.6845095946854407,agreement
carvedilol,95,0.9263157894736842,1.044786480935002,0.7158758583053529,0.11578947368421053,0.5263157894736842,carvedilol,11.814458666102691,0.6925404941432408,0.1207172022013136,0.4011701875850642,0.0428353748742529,0.0212364636960766,0,0.5781982687234739,-0.3820262899297162,0.6955984483021443,-1.0776247382318607,agreement
catapres,46,0.717391304347826,0.8925160340814259,0.46156301309395054,0.021739130434782608,0.3695652173913043,catapres,7.610357618312838,0.2766484878532474,0.0302279484638255,0.1446977205153617,0.0163528245787908,0.0138751238850346,0,0.20836620146003743,-0.993364593019467,-1.3321945892080815,0.33882999618861454,agreement
cefdinir,179,1.6201117318435754,1.5744627736632681,0.8024121671544713,0.37988826815642457,0.2737430167597765,cefdinir,8.920656296853728,0.6287089013632718,0.0769641902725815,0.3234901122394441,0.0285943345804382,0.0193746659540352,0,0.4637596506334603,1.744528223269727,0.06813032553407904,1.676397897735648,agreement
ceftriaxone,67,1.0149253731343284,1.1420961220567034,0.6870807461342257,0.22388059701492538,0.5223880597014925,ceftriaxone,10.530575055586564,0.9416918186917386,0.1773142460338657,0.5467923722023397,0.1397094172319854,0.0250253725762512,0,0.8625032723315212,0.008654318861157782,2.2544457140668537,-2.245791395205696,FAERS-worse-than-patient
cefuroxime,70,1.1142857142857143,1.2011568880899226,0.7172744749470737,0.2,0.45714285714285713,cefuroxime,9.647756241316175,0.8756781193490054,0.1069998708510913,0.4394937362779284,0.1148779542812863,0.030608291359938,0,0.7027783421717428,0.24577261221356902,1.3786722753506944,-1.1328996631371253,agreement
celebrex,131,0.8396946564885496,1.0419487455003902,0.619308565741699,0.16030534351145037,0.5572519083969466,celebrex,11.770895473436484,0.7027380004791307,0.0931707731652102,0.3078599077486498,0.0553430838529232,0.06089052685256,0,0.5448199630624049,-0.393419284440867,0.512584854255981,-0.906004138696848,agreement
celecoxib,149,0.7986577181208053,1.0042245943134698,0.6173157845202529,0.1476510067114094,0.5704697986577181,celecoxib,11.770895473436484,0.7027380004791307,0.0931707731652102,0.3078599077486498,0.0553430838529232,0.06089052685256,0,0.5448199630624049,-0.544874928320929,0.512584854255981,-1.05745978257691,agreement
celexa,660,1.3227272727272728,1.3712580025439167,0.5526679610042926,0.1318181818181818,0.2,celexa,11.62916953925503,0.7563705326139217,0.1355251678151096,0.33426811245838,0.0495165856524758,0.039661342876983,0,0.5969465923643449,0.9286978207011805,0.7983957001068831,0.13030212059429735,agreement
cephalexin,203,1.0591133004926108,1.2300903502979301,0.6957733913519132,0.1724137931034483,0.4088669950738916,cephalexin,9.9572652582166,0.7404229091598711,0.0837755875663381,0.3483225928733889,0.0411770280515542,0.0335007581501137,0,0.5364559098973168,0.36193522980780074,0.4667246645243815,-0.10478943471658075,agreement
cetirizine,146,0.773972602739726,0.9768873055441121,0.5836402949121259,0.11643835616438356,0.5205479452054794,cetirizine,12.043259555124262,0.5484249023845841,0.0633307639350628,0.230145514242508,0.055975616214276,0.0632895751078264,0,0.4320141873185913,-0.654629198257526,-0.10593037709442965,-0.5486988211630963,agreement
chantix,857,1.2392065344224037,1.349016255003317,0.5184783916964675,0.13185530921820304,0.21353558926487748,chantix,11.244248316112698,0.4066330869366128,0.0206180172165676,0.0901776603260158,0.0140636856014024,0.0170334127004892,0,0.2108711108320237,0.8394012271717999,-1.3184601452976519,2.1578613724694518,patient-worse-than-FAERS
chateal,148,1.777027027027027,1.7077525311971176,0.6622328569328344,0.3783783783783784,0.14864864864864866,chateal,6.349138991379798,0.7390542907180385,0.0350262697022767,0.3047285464098073,0.042031523642732,0.0367775831873905,0,0.4684763572679509,2.2796624917620516,0.09399207663687179,2.18567041512518,patient-worse-than-FAERS
chlordiazepoxide,115,0.8173913043478261,1.0071212069362958,0.5859483005945963,0.1391304347826087,0.5217391304347826,chlordiazepoxide,7.627057417018934,0.5682261208576999,0.040448343079922,0.2763157894736842,0.0190058479532163,0.0277777777777777,0,0.38372319688109147,-0.5332455525481656,-0.3707103755089056,-0.16253517703926001,agreement
chlorpromazine,38,0.9210526315789473,1.1495725609099219,0.6457593342958547,0.13157894736842105,0.5526315789473685,chlorpromazine,8.855235623206967,0.9349500713266762,0.18830242510699,0.4644793152639087,0.0985734664764622,0.0278174037089871,0,0.7993580599144079,0.03867086859963725,1.9082198634017242,-1.869548994802087,agreement
chlorzoxazone,42,1.3095238095238095,1.3116015261691212,0.6619534599190208,0.23809523809523808,0.30952380952380953,chlorzoxazone,7.153833801578843,0.6447574334898278,0.1017214397496087,0.2777777777777778,0.0359937402190923,0.0344287949921752,0,0.4869327073552424,0.6891878580729675,0.19518843443729522,0.49399942363567223,agreement
cholestyramine,68,0.8088235294117647,0.9848092493940307,0.6796095373888614,0.1323529411764706,0.5147058823529411,cholestyramine,9.375430991841776,0.6692960135708227,0.0702051890791928,0.3377140919111412,0.0316262506359165,0.0167034085128031,0,0.47684442557370554,-0.6228240265354086,0.1398742814261396,-0.7626983079615481,agreement
cialis,362,0.5718232044198895,0.7961091440440926,0.4583579462813429,0.019337016574585635,0.5414364640883977,cialis,10.872807071958002,0.5687391956839726,0.0724555214142103,0.2867303971776488,0.0209210576230036,0.0182276848374492,0,0.41593870419284384,-1.3804208194864307,-0.19407241679966702,-1.1863484026867637,agreement
cipro,213,1.2910798122065728,1.307995377751485,0.8255614861726565,0.3192488262910798,0.4460093896713615,cipro,11.465760479482228,0.8336198943218989,0.1008050989600805,0.38844976517947,0.0609275410935927,0.0721234485072123,0,0.6443443966763078,0.6747098244171825,1.0582783497869284,-0.38356852536974584,agreement
ciprofloxacin,476,1.254201680672269,1.3322262119361352,0.8024532227093588,0.2710084033613445,0.42016806722689076,ciprofloxacin,11.470258018650826,0.8331454693468595,0.1007284339713218,0.3880111039218551,0.0608211058003381,0.0721128759575045,0,0.6438135245468308,0.7719922410580009,1.055367572428093,-0.2833753313700922,agreement
citalopram,1306,1.310872894333844,1.3598727819099121,0.5718566298196869,0.15007656967840735,0.22052067381316998,citalopram,11.811235856211187,0.771408214460657,0.1398888369435354,0.3384388195047381,0.0527616376143725,0.0404431680729015,0,0.6110502387766306,0.8829882190909102,0.8757261387839794,0.007262080306930763,agreement
claravis,94,1.4893617021276595,1.4664446195680254,0.5236002801870253,0.13829787234042554,0.14893617021276595,claravis,10.006359975456755,0.5815474847732912,0.0230533249120274,0.0783632590453848,0.014932779933231,0.0192186231164847,0,0.2620984599948313,1.3108548717297985,-1.0375800617205497,2.3484349334503483,patient-worse-than-FAERS
clarithromycin,392,1.6811224489795917,1.6553640217397119,0.730006303736881,0.3673469387755102,0.21428571428571427,clarithromycin,10.42768339524029,0.918462813832307,0.0867055445368698,0.3952813711849856,0.0748349664012314,0.0500577247565199,0,0.6547934547296037,2.069332101756109,1.1155706428154846,0.9537614589406245,agreement
claritin-d,31,0.967741935483871,1.1394996446601473,0.7282353751734734,0.16129032258064516,0.41935483870967744,claritin-d,8.843326450242271,0.1810307492420961,0.0103941100043308,0.0717482315576728,0.0066406813916558,0.0125595495885664,0,0.11468168038111715,-0.0017700682633371202,-1.8458677841043862,1.8440977158410492,agreement
clindamycin,510,1.2215686274509805,1.2781894113077572,0.7317594781100726,0.2235294117647059,0.34509803921568627,clindamycin,10.52376829760896,0.7229829705953565,0.0791115413574271,0.3605195224265892,0.0587555125309239,0.0268366139614929,0,0.5420562335471127,0.5550442601256395,0.4974312968315544,0.05761296329408505,agreement
clobetasol,85,0.5764705882352941,0.8940213148082057,0.4817112337200408,0.058823529411764705,0.6,clobetasol,9.302190025606064,0.4705936073059361,0.0419669738162576,0.191862056381717,0.0227169053918438,0.0177903475960222,0,0.30970285182958746,-0.9873211631603023,-0.7765646905232592,-0.2107564726370431,agreement
clomid,45,1.0,1.1596574704471467,0.5833852290864194,0.2,0.4888888888888889,clomid,7.288927694521257,0.7060833902939166,0.0355434039644566,0.2276144907723855,0.0280246069719753,0.0341763499658236,0,0.4075187969924811,0.07915995634250866,-0.240238854782493,0.3193988111250017,agreement
clomiphene,57,1.0175438596491229,1.1882430647746702,0.6235036775563985,0.19298245614035087,0.47368421052631576,clomiphene,7.288927694521257,0.7060833902939166,0.0355434039644566,0.2276144907723855,0.0280246069719753,0.0341763499658236,0,0.4075187969924811,0.19392594731516735,-0.240238854782493,0.43416480209766034,agreement
clomipramine,106,0.8962264150943396,1.09249236116741,0.6726802236650885,0.16981132075471697,0.5283018867924528,clomipramine,8.400659375160286,0.9192895683453236,0.088334457181389,0.5396718363677231,0.1027197122948977,0.0328163632276916,0,0.7391044699641499,-0.19049580931893953,1.5778488085329274,-1.768344617851867,agreement
clonazepam,1139,0.6145741878841089,0.8312413664404751,0.5270163429646758,0.05706760316066725,0.5943810359964882,clonazepam,11.965242351855624,0.6811521355992594,0.1173645304528162,0.2969515375904932,0.0395434940264895,0.0282644375739532,0,0.5216058414507995,-1.2393713009004033,0.38530158613851395,-1.6246728870389173,agreement
clonidine,397,0.8161209068010076,0.9685607015379762,0.5077410374170684,0.0654911838790932,0.4156171284634761,clonidine,10.935568224058622,0.6882197739508682,0.1207759588150417,0.3497871279191977,0.0475087731798991,0.0241017510732671,0,0.5570136992551072,-0.6880590073163141,0.5794432355092902,-1.2675022428256044,agreement
clopidogrel,43,0.8372093023255814,0.9750218847739685,0.6914582735065813,0.20930232558139536,0.6511627906976745,clopidogrel,12.248691424865358,0.8175819436457734,0.1111702051200966,0.4623850661453617,0.0617276852237826,0.031920347664429,0,0.6593637128306358,-0.6621185252525704,1.1406294150995444,-1.802747940352115,agreement
codeine,36,1.2222222222222223,1.2835181144391763,0.5223652594409304,0.1388888888888889,0.2777777777777778,codeine,9.927936232938436,0.8831308251598107,0.2149409583292671,0.2652483653752318,0.1176929833121889,0.1295013174587684,0,0.7973096974357151,0.5764380394002439,1.8969886708138957,-1.320550631413652,agreement
colchicine,56,1.0,1.1826108233503638,0.6693231576510432,0.14285714285714285,0.5,colchicine,10.155374039382547,0.8128402550941048,0.1250388681592039,0.4386271766169154,0.0628886815920398,0.0354477611940298,0,0.6633289111053458,0.1713135166953355,1.162370638118145,-0.9910571214228094,agreement
colesevelam,51,0.9607843137254902,1.0591687997548096,0.6062676036394095,0.11764705882352941,0.4117647058823529,colesevelam,9.218506934642576,0.4505854336177813,0.0303541315345699,0.1966074794167245,0.018351354032338,0.0192441226068842,0,0.2919854703789559,-0.32428388118606943,-0.8737092756706365,0.5494253944845671,agreement
complera,49,1.3877551020408163,1.4234784737158197,0.6594709796072907,0.16326530612244897,0.2653061224489796,complera,8.810907036099737,0.8589322994333433,0.0122278556516552,0.05934983596779,0.0020876826722338,0.0026841634357291,0,0.30313152400835053,1.1383535673837724,-0.8125953487128036,1.9509489160965758,agreement
concerta,265,1.0867924528301887,1.1913587583591854,0.5240365972518704,0.07547169811320754,0.2943396226415094,concerta,10.077692928727824,0.6162189431201917,0.0321781138416299,0.2038647342995169,0.0308338584331022,0.0241965973534971,0,0.3605808688213756,0.20643489352412353,-0.4975999988412222,0.7040348923653457,agreement
conjugated estrogens,54,0.5925925925925926,0.8462108482841736,0.591646537719307,0.12962962962962962,0.7222222222222222,conjugated estrogens,11.14583936973118,0.7018377098641567,0.0298957761930883,0.1575627219447411,0.012587695239195,0.0291884401073996,0,0.3497305143912416,-1.1792715388155155,-0.5570926040410612,-0.6221789347744543,agreement
contrave,1207,1.0173985086992543,1.1576539826483216,0.5819328546044056,0.12427506213753108,0.3603976801988401,contrave,9.0413298292419,0.3314779725248697,0.0033159639981051,0.0651350071056371,0.0066319279962103,0.0111321648507816,0,0.14842491710089992,0.07111631519937515,-1.6608532693011169,1.731969584500492,agreement
copaxone,99,0.9393939393939394,1.0660352440849923,0.5455305429666009,0.050505050505050504,0.43434343434343436,copaxone,10.881700887014484,0.4946042489189697,0.0227661534412422,0.1665444701370481,0.0094373319797717,0.0101705111574831,0,0.2690888865795127,-0.29671634912838346,-0.9992514806904299,0.7025351315620465,agreement
copper,800,1.36625,1.394585270418901,0.5807553892534504,0.20375,0.1875,copper,10.685903975853956,0.4528741939909452,0.0023551470251977,0.0208762061553939,0.0041615219280193,0.0064480724379201,0,0.15649837654913773,1.022352582035967,-1.6165864079148209,2.6389389899507876,patient-worse-than-FAERS
coreg,35,0.45714285714285713,0.7429895497617497,0.5301723464162447,0.0,0.7142857142857143,coreg,11.814458666102691,0.6925404941432408,0.1207172022013136,0.4011701875850642,0.0428353748742529,0.0212364636960766,0,0.5781982687234739,-1.5936863828338,0.6955984483021443,-2.2892848311359444,FAERS-worse-than-patient
cosentyx,41,0.8292682926829268,1.0549817330242466,0.6971087577058653,0.17073170731707318,0.5609756097560976,cosentyx,11.975199296154022,0.3976563976563976,0.0511063382188993,0.1335605006078089,0.0458974472025043,0.0439889901553849,0,0.30469375869049586,-0.3410941967980501,-0.8040295998450755,0.4629354030470254,agreement
cozaar,49,0.7959183673469388,0.9533351981463227,0.6260204093475271,0.061224489795918366,0.5102040816326531,cozaar,11.245385831353191,0.6061894235674206,0.0710094740280953,0.3035347925514537,0.0311924207775236,0.0265795491669389,0,0.4481933184129244,-0.7491866496098397,-0.017220034508900573,-0.7319666151009392,agreement
crestor,79,1.379746835443038,1.2942138206022953,0.847623081707828,0.379746835443038,0.45569620253164556,crestor,12.200471991103818,0.6777743686214546,0.0601411892478957,0.3113856457597972,0.0425176737965225,0.0306865377460001,0,0.47466103817364874,0.6193793651218095,0.12790274580246155,0.49147661931934794,agreement
cryselle,116,1.8017241379310345,1.6803308635426664,0.6369576600594999,0.35344827586206895,0.1206896551724138,cryselle,6.464588303689961,0.4149765990639625,0.0140405616224648,0.1591263650546021,0.0265210608424337,0.0171606864274571,0,0.2513260530421215,2.169569455863342,-1.0966452800980888,3.2662147359614306,patient-worse-than-FAERS
cyclobenzaprine,368,1.0326086956521738,1.154627342346387,0.47169247723664876,0.08152173913043478,0.2798913043478261,cyclobenzaprine,10.802713505783691,0.6848642814962634,0.144080727524261,0.2801049783329603,0.0304152340650621,0.0284418041625129,0,0.5338339513054289,0.058964901812987844,0.452348438534537,-0.39338353672154913,agreement
cyclosporine,53,0.39622641509433965,0.7100329041135991,0.5535443221676934,0.03773584905660377,0.7358490566037735,cyclosporine,11.628332346473677,0.6615099451058672,0.126986955591988,0.2479595837194383,0.0452812032218975,0.0174460047045405,0,0.4978568968541637,-1.7260013542704087,0.2550858780804818,-1.9810872323508906,agreement
cymbalta,1137,0.9683377308707124,1.0882057837369974,0.5701014112861119,0.0853122251539138,0.36147757255936674,cymbalta,11.82591703287175,0.5780937959488226,0.0436489945155393,0.2412577696526508,0.0272760511882998,0.0246142595978062,0,0.37675684079561567,-0.20770564239239991,-0.4089069777437314,0.2012013353513315,agreement
cyproheptadine,130,1.3923076923076922,1.441343527228889,0.5216137518953639,0.13076923076923078,0.19230769230769232,cyproheptadine,8.366137716496281,0.6830461108523521,0.0702652396463471,0.4174034434620753,0.0579339227547696,0.0183806421591437,0,0.5430943823483066,1.2100785260015772,0.5031234774110742,0.706955048590503,agreement
dabigatran,71,0.5774647887323944,0.8255964562790159,0.610087265666578,0.056338028169014086,0.6901408450704225,dabigatran,11.266180580403692,0.7751183924228849,0.1474153046728015,0.513048263857781,0.0660540360667067,0.0211562336016791,0,0.7041275467030983,-1.2620345942085196,1.3860699777054526,-2.648104571913972,FAERS-worse-than-patient
dalfampridine,52,0.6923076923076923,0.8787024303521578,0.5196795124096996,0.038461538461538464,0.4423076923076923,dalfampridine,11.172925011505574,0.2820130946694017,0.0246150387771158,0.1420563111161065,0.00375126447117,0.0203860851972575,0,0.19751839395100582,-1.0488237135376168,-1.3916732296132595,0.3428495160756426,agreement
daliresp,37,0.918918918918919,1.0425224049311024,0.7017304586350407,0.13513513513513514,0.4864864864864865,daliresp,8.682538124003075,0.6788321167883211,0.160902000678196,0.3363852153272296,0.0245846049508307,0.0116988809766022,0,0.5606011440225932,-0.39111614558385516,0.5991132321534123,-0.9902293777372675,agreement
dapagliflozin,65,1.3846153846153846,1.348893651599639,0.5065362159310423,0.09230769230769231,0.18461538461538463,dapagliflozin,10.94542366401068,0.7585811144854863,0.1654525250030868,0.2859788686433951,0.0578907448891397,0.0230539925564002,0,0.5984666843712221,0.8389089966812076,0.806730380251655,0.03217861642955255,agreement
dapsone,182,1.0164835164835164,1.1301688522511657,0.4677711498660557,0.06043956043956044,0.2857142857142857,dapsone,9.250137841850249,0.7557200538358008,0.0884190293128303,0.3610764055742431,0.0621816434406535,0.0197981739548294,0,0.5592772847715954,-0.039231512132841165,0.591854498232147,-0.6310860103649881,agreement
daytrana,61,1.0327868852459017,1.127817924095462,0.5034560767721258,0.11475409836065574,0.3442622950819672,daytrana,10.24643875525505,0.3729722054595151,0.0387140271814343,0.127177885809588,0.0191618466342571,0.0137681416557254,0,0.2391618081904963,-0.04867006346759785,-1.1633419600242374,1.1146718965566396,agreement
delsym,104,1.3269230769230769,1.4428772806414272,0.557944374568982,0.09615384615384616,0.21153846153846154,delsym,9.270117576012044,0.5816365007541479,0.2608572774375883,0.2314649081488459,0.0510598210080075,0.0201601507300989,0,0.6060406440557309,1.216236268544231,0.8482584792839384,0.36797778926029256,agreement
demerol,57,0.8947368421052632,1.1699752917303343,0.6053765485806855,0.10526315789473684,0.47368421052631576,demerol,9.112286431500795,0.6344180915609487,0.0813017098731384,0.1948152233866519,0.0275785990071704,0.0430226144511858,0,0.42121345835631535,0.12058414261886934,-0.16515088534239994,0.28573502796126926,agreement
denavir,33,0.30303030303030304,0.608181688754748,0.3940918453221418,0.030303030303030304,0.7575757575757576,denavir,5.872117789475416,0.5988700564971752,0.0677966101694915,0.2570621468926554,0.019774011299435,0.03954802259887,0,0.41949152542372875,-2.1349155621927354,-0.1745922613636725,-1.9603233008290628,agreement
denosumab,73,1.1095890410958904,1.2770258966963672,0.7209940603417456,0.2054794520547945,0.4657534246575342,denosumab,12.196602949153748,0.5379396338046656,0.1278607266523314,0.1546483337876172,0.0121394752516228,0.0161018403545433,0,0.3875496521370182,0.5503729594048157,-0.34972988189263515,0.9001028412974508,agreement
depakote,193,1.2538860103626943,1.293027217512519,0.5852861594086655,0.14507772020725387,0.26424870466321243,depakote,10.731493369542711,0.669434671445117,0.0555555555555555,0.325774457115393,0.037117140734915,0.0296019574430899,0,0.4696882683448821,0.6146153683362583,0.10063699756562423,0.513978370770634,agreement
depakote er,65,0.8,1.0077172848141247,0.6357699809104808,0.09230769230769231,0.5076923076923077,depakote er,10.729919220241946,0.6692858237212458,0.0554023893921491,0.3256750251630125,0.0371318541858124,0.029626712178898,0,0.4694698309639076,-0.5308524076807859,0.09943930315380753,-0.6302917108345935,agreement
depo-provera,1121,1.8447814451382694,1.746039367219363,0.6656831376091423,0.43710972346119537,0.17662801070472792,depo-provera,10.019624790165173,0.7805974800765771,0.0208351883180482,0.1302644466209598,0.0215029828154216,0.0306295076128572,0,0.35878969723283854,2.433377213483612,-0.5074210111268721,2.940798224610484,patient-worse-than-FAERS
desonide,32,0.4375,0.8392122966352998,0.5100911867185052,0.0625,0.71875,desonide,8.481151420068972,0.5593114890087101,0.0398175031107424,0.2239734549979261,0.0138946495230194,0.0174201576109498,0,0.3429075072583988,-1.2073694578636067,-0.5945032224907747,-0.612866235372832,agreement
desvenlafaxine,793,1.223203026481715,1.2895510709359728,0.604781902161489,0.14627994955863807,0.2723833543505675,desvenlafaxine,10.185126401440623,0.4253207547169811,0.0311262026032824,0.1321637426900584,0.0183738917185436,0.0185625353706847,0,0.25249718849772007,0.6006592685591259,-1.0902239323214709,1.6908832008805967,agreement
dexamethasone,65,1.2769230769230768,1.2960065401151102,0.7928269574031603,0.3230769230769231,0.4461538461538462,dexamethasone,12.622484287786154,0.8425848666440202,0.1608006567733044,0.3830847903567743,0.0739661260595909,0.0209659710980181,0,0.678967592561183,0.6265768097180943,1.248117689764151,-0.6215408800460568,agreement
dexedrine,71,0.8309859154929577,0.9565068479083852,0.5712691450976942,0.04225352112676056,0.5070422535211268,dexedrine,8.227909837597483,0.5356665776115416,0.0256478760352658,0.1440021373230029,0.0179000801496126,0.0229762222815923,0,0.2887523376970344,-0.7364530494687774,-0.8914365754969038,0.15498352602812637,agreement
dexilant,109,1.0,1.110195280428633,0.739871553391571,0.1834862385321101,0.47706422018348627,dexilant,10.62434717166261,0.8095875085125012,0.0890742406925564,0.172482552342971,0.0184568246480071,0.0247550032828344,0,0.450285731434182,-0.11942179039721217,-0.005747312342059655,-0.11367447805515252,agreement
dexlansoprazole,142,0.9366197183098591,1.075219469708552,0.7538093951690422,0.176056338028169,0.5211267605633803,dexlansoprazole,10.62490629943787,0.8094265781861494,0.0890487532202401,0.1724833519661692,0.0184708112574733,0.0248140767024741,0,0.45026490535688,-0.25984334439293744,-0.005861501938608368,-0.2539818424543291,agreement
dexmethylphenidate,125,1.24,1.2899874709392078,0.6093880778310581,0.168,0.232,dexmethylphenidate,8.48714627006394,0.3397277227722772,0.0074211502782931,0.0859616573902288,0.0140177283034425,0.0150484436198721,0,0.17406838898175514,0.6024113356408141,-1.5202498486124845,2.1226611842532987,patient-worse-than-FAERS
dextroamphetamine,128,0.9609375,1.0162459658275231,0.5037194779694122,0.046875,0.375,dextroamphetamine,10.773503952878292,0.4412603245146954,0.0149775859901964,0.1221249319200636,0.0138883070090912,0.0235451841300431,0,0.23601042380293996,-0.49661129598733633,-1.1806210331097338,0.6840097371223974,agreement
dextromethorphan,171,1.2514619883040936,1.3307285648141673,0.5818122166526536,0.13450292397660818,0.25146198830409355,dextromethorphan,10.470759670120469,0.487886524822695,0.1220086197119201,0.2061075195644777,0.0362935238743336,0.0248383804014971,0,0.4178500223214823,0.7659794587414723,-0.183592639796016,0.9495720985374884,agreement
diazepam,415,0.7566265060240964,0.973652672084118,0.5248421226284677,0.08433734939759036,0.4939759036144578,diazepam,11.690360100190787,0.8099130638704166,0.1904131843837406,0.3475053176344482,0.0685430519034619,0.0339909893312341,0,0.6857678964167231,-0.6676156665539751,1.2854038259103593,-1.9530194924643345,agreement
diclegis,80,1.1,1.2717307890104332,0.7238472232791886,0.225,0.475,diclegis,5.996452088619021,0.513715710723192,0.027431421446384,0.2144638403990025,0.0174563591022443,0.0124688279301745,0,0.3114713216957604,0.529114059767454,-0.76686815201537,1.295982211782824,agreement
diclofenac,616,0.625,0.8379080456402299,0.5407217521179726,0.08279220779220779,0.564935064935065,diclofenac,11.998365586153009,0.5969704433497537,0.0839323519275269,0.2699399340258973,0.0739377677120772,0.0696051400718822,0,0.505867264165381,-1.2126057897100344,0.2990068046290592,-1.5116125943390937,agreement
dicyclomine,143,1.062937062937063,1.1521247642923051,0.6910740890744798,0.14685314685314685,0.35664335664335667,dicyclomine,9.5302475917227,0.6154237534525367,0.0599898322318251,0.303144745442661,0.019028251870143,0.0257825550148885,0,0.42945972099545293,0.048917503565031814,-0.11993654227892303,0.16885404584395486,agreement
diethylpropion,112,0.8571428571428571,1.0574641509674403,0.5125675300831997,0.07142857142857142,0.42857142857142855,diethylpropion,4.8283137373023015,0.6693548387096774,0.0403225806451612,0.2096774193548387,0.0080645161290322,0.032258064516129,0,0.3749999999999998,-0.33112773774896803,-0.41853975393786874,0.08741201618890071,agreement
differin,137,1.218978102189781,1.2455757074752163,0.46675611234283837,0.08029197080291971,0.16058394160583941,differin,9.120415664448196,0.3422723292469352,0.0710143341722289,0.1261625998468103,0.0261516577306051,0.0214465477623372,0,0.27271124248783474,0.4241061380511063,-0.9793900659011946,1.403496203952301,agreement
diflucan,81,0.8888888888888888,1.0653963728679126,0.6510086295889763,0.1111111111111111,0.5185185185185185,diflucan,11.138101097868566,0.8476963823161326,0.1792115216758801,0.4390893220832121,0.0921152167588012,0.0276403840558626,0,0.7461055396584708,-0.2992813015128601,1.6162357458429235,-1.9155170473557837,agreement
dihydroergotamine,30,1.3666666666666667,1.2850048397010823,0.7034848078574787,0.23333333333333334,0.3,dihydroergotamine,7.0925737159746784,0.517901748542881,0.0158069883527454,0.1239600665557404,0.0108153078202995,0.016638935108153,0,0.2534570470254266,0.5824069724240515,-1.0849610181185991,1.6673679905426506,agreement
dilantin,49,0.6530612244897959,0.9623927824932945,0.713236928223469,0.08163265306122448,0.673469387755102,dilantin,10.505806992135533,0.815831987075929,0.1123856978590593,0.3669440946175327,0.0611345343043311,0.0262552702184745,0,0.6078936578870013,-0.7128220866943932,0.8584185732240451,-1.5712406599184383,agreement
dilaudid,261,1.5708812260536398,1.4194162973488444,0.5387003858569157,0.15708812260536398,0.19923371647509577,dilaudid,11.418922430479109,0.9268967941816264,0.3070956968811451,0.1851977984554033,0.0217078449251321,0.1074626209805881,0,0.7703537449898521,1.1220446639927817,1.7491889056565872,-0.6271442416638056,agreement
diltiazem,84,1.2261904761904763,1.245982399747069,0.7586185054928652,0.17857142857142858,0.39285714285714285,diltiazem,10.4352622050525,0.7413458712900381,0.1491862036547388,0.4257300663963805,0.0629884247018038,0.0474763499618073,0,0.6680791829746486,0.4257389339645063,1.1884164277494471,-0.7626774937849408,agreement
dimenhydrinate,42,0.8333333333333334,0.9568913331021927,0.6056427644113624,0.16666666666666666,0.5,dimenhydrinate,9.24994562656854,0.9499182928001538,0.0787272902047486,0.4832259925021628,0.1183312506007882,0.0551763914255503,0,0.7386042487743919,-0.7349094109571536,1.5751060905925607,-2.310015501549714,FAERS-worse-than-patient
dimethyl fumarate,31,0.7096774193548387,0.910275159060441,0.5612945211343245,0.0967741935483871,0.5161290322580645,dimethyl fumarate,11.71198941576377,0.3323525313706366,0.0175947551731202,0.1869371030526531,0.0038762548658061,0.0040729358737963,0,0.21672112511494002,-0.9220649183066854,-1.2863844566749474,0.36431953836826203,agreement
diovan,54,0.9444444444444444,1.0068784705445921,0.6792735366561892,0.07407407407407407,0.48148148148148145,diovan,11.656783355312054,0.7644847508423633,0.0930450069714473,0.3687419352045102,0.0478042105810116,0.0293060595300984,0,0.5655190099622895,-0.5342200952573294,0.6260779418004571,-1.1602980370577864,agreement
diphenhydramine,152,0.5592105263157895,0.7824385927650483,0.5293718912887483,0.05263157894736842,0.6052631578947368,diphenhydramine,12.179733803647622,0.680566398224998,0.1258932238193018,0.2849743326488706,0.0405082135523613,0.0236960985626283,0,0.5215441494469654,-1.435305610290708,0.384963328245491,-1.820268938536199,agreement
disulfiram,61,0.5737704918032787,0.8294910827308806,0.5737483108557409,0.04918032786885246,0.6557377049180327,disulfiram,7.007600613951853,0.8858695652173914,0.1005434782608695,0.4728260869565217,0.0815217391304347,0.0271739130434782,0,0.6869565217391302,-1.2463983734220863,1.2919210708069968,-2.5383194442290833,FAERS-worse-than-patient
divalproex sodium,298,1.1442953020134228,1.2242295135235166,0.6020747519604237,0.12751677852348994,0.31543624161073824,divalproex sodium,10.731493369542711,0.669434671445117,0.0555555555555555,0.325774457115393,0.037117140734915,0.0296019574430899,0,0.4696882683448821,0.33840503020313717,0.10063699756562423,0.23776803263751295,agreement
docosanol,215,1.083720930232558,1.1493285129670066,0.43069831964043004,0.06046511627906977,0.17674418604651163,docosanol,9.583213415483687,0.0191644836619329,0.0006199200991872,0.0090921614547458,0.0004821600771456,0.000344400055104,0,0.011542154025429251,0.03769106024957791,-2.411382870407568,2.449073930657146,patient-worse-than-FAERS
dofetilide,40,0.575,0.6791953846521891,0.5980313065971289,0.1,0.7,dofetilide,9.247925132303454,0.5955684007707129,0.0778270082835677,0.2863610094394144,0.0261991909073396,0.0107879021383163,0,0.42818891745718185,-1.8498084173518212,-0.12690437118034134,-1.72290404617148,agreement
donepezil,42,1.5238095238095237,1.5874758294946207,0.6394415027608897,0.23809523809523808,0.23809523809523808,donepezil,10.501884396550263,0.7538216210271638,0.1585630651677981,0.3985927493609653,0.0448561141192315,0.0314157711018882,0,0.6418818572231368,1.7967732887721695,1.0447762205781668,0.7519970681940027,agreement
doryx,59,0.8983050847457628,1.0912179620954339,0.42645635616081984,0.05084745762711865,0.3050847457627119,doryx,9.708202329350314,0.5907347659341329,0.1306911433955382,0.2727493769375722,0.0768950215792353,0.0815148015318217,0,0.5628626399802276,-0.19561229109343786,0.6115130378035316,-0.8071253288969695,agreement
doxepin,217,0.9723502304147466,1.1050551107898061,0.5715207812195818,0.10599078341013825,0.3087557603686636,doxepin,9.42100640177928,0.6945457492503444,0.1747407647440051,0.2851587815942968,0.0430168502916396,0.0233311730395333,0,0.5764291816772418,-0.14005864179895283,0.6858985257896281,-0.8259571675885808,agreement
doxycycline,842,1.152019002375297,1.2357098995666318,0.6245028425906631,0.16983372921615203,0.29453681710213775,doxycycline,11.12608582098523,0.7243314917127072,0.0976457250548447,0.3192773745196484,0.067801351610006,0.0621770049617927,0,0.5723488445897407,0.38449670371849903,0.6635259954734948,-0.27902929175499575,agreement
doxylamine,103,0.8640776699029126,0.9784206138134607,0.5329832597154266,0.10679611650485436,0.42718446601941745,doxylamine,8.938794081433805,0.4374425626887226,0.0746621178323054,0.1743865634431177,0.0292612518042251,0.0125967720771552,0,0.32531491025786974,-0.6484732428842653,-0.6909636132118014,0.04249037032753611,agreement
dramamine,33,0.7878787878787878,0.8879337679671943,0.5233032002528205,0.09090909090909091,0.48484848484848486,dramamine,9.074978734045509,0.7997250229147571,0.085652124126875,0.4421161113019581,0.1027138440398488,0.028169014084507,0,0.6485170717433152,-1.0117615626774978,1.0811571701966332,-2.092918732874131,FAERS-worse-than-patient
dronabinol,36,1.1944444444444444,1.2395846389734468,0.670000266675352,0.08333333333333333,0.3333333333333333,dronabinol,8.973604867142505,0.7488590263691683,0.20909897351413,0.3905715371942719,0.0366240020276264,0.0179951843872766,0,0.6709382807152111,0.4000530816160114,1.2040928901362093,-0.804039808520198,agreement
dulaglutide,299,1.3311036789297659,1.3524326996292948,0.6616660138170367,0.1939799331103679,0.22408026755852842,dulaglutide,11.371027743441651,0.2556450776306234,0.0188083438976604,0.1190734124697476,0.0115131958050017,0.0075832661057969,0,0.1695574163397804,0.8531176344156417,-1.5449835581133422,2.398101192528984,patient-worse-than-FAERS
dulcolax,503,1.6958250497017893,1.6666040353260823,0.7405948109674272,0.35984095427435386,0.21073558648111332,dulcolax,10.798043792264275,0.7511143826933301,0.1325934101872291,0.4497792494481236,0.0593573706156487,0.0336235794293189,0,0.6538397518123321,2.1144587233336045,1.1103414798880877,1.0041172434455168,agreement
dulera,35,0.8285714285714286,0.9724246213042753,0.5612541661981549,0.11428571428571428,0.45714285714285713,dulera,9.640172836532642,0.3126179475499447,0.0284338603682738,0.159346736937992,0.0115166894397813,0.0141843971631205,0,0.22103504266826257,-0.6725460683185341,-1.262731202256667,0.5901851339381329,agreement
duloxetine,1251,0.9232613908872902,1.0460121179558985,0.5917760564428559,0.09352517985611511,0.40687450039968026,duloxetine,12.12367967815874,0.6154314081187064,0.061895635271825,0.2637622773250226,0.0308283699187212,0.0264630987995504,0,0.42159306146461045,-0.3771055789707515,-0.16306951758618063,-0.21403606138457085,agreement
dymista,65,1.0923076923076922,1.1898913048715387,0.7203482402194687,0.2,0.46153846153846156,dymista,8.296546520300614,0.5856822150162135,0.0159640808181591,0.2172611623846345,0.027438263906211,0.0351708655525068,0,0.34686954352706395,0.20054333318829745,-0.572779336783916,0.7733226699722134,agreement
effexor,352,1.5255681818181819,1.5402915937187565,0.6631162732213095,0.2585227272727273,0.20738636363636365,effexor,11.232854355519782,0.6778577667204827,0.0669957126978245,0.2809903138728629,0.041999682422061,0.0374344995500979,0,0.4706520952731181,1.6073371163050225,0.10592167054951028,1.5014154457555122,agreement
effexor xr,519,1.30635838150289,1.373748188618689,0.6219443255372454,0.2003853564547206,0.27167630057803466,effexor xr,11.232854355519782,0.6778577667204827,0.0669957126978245,0.2809903138728629,0.041999682422061,0.0374344995500979,0,0.4706520952731181,0.9386954673935354,0.10592167054951028,0.8327737968440251,agreement
efinaconazole,99,0.494949494949495,0.8022504487568125,0.46916404956165786,0.04040404040404041,0.6565656565656566,efinaconazole,7.556427969440253,0.3697698744769874,0.0528242677824267,0.2039748953974895,0.0449790794979079,0.0407949790794979,0,0.3302824267782425,-1.3557645918374666,-0.6637266689190457,-0.6920379229184208,agreement
efudex,30,0.9333333333333333,1.0483918016278526,0.5936101440755616,0.06666666666666667,0.4666666666666667,efudex,11.224843312497107,0.946456440833967,0.1424322053115287,0.401872774079953,0.0758313436220304,0.0181274926969814,0,0.7006598443872065,-0.36755157943923555,1.3670565301578808,-1.7346081095971164,agreement
eletriptan,116,0.7241379310344828,0.8924190974084396,0.5000259596618496,0.017241379310344827,0.45689655172413796,eletriptan,8.848939995030118,0.523905240488155,0.0140683318977892,0.1751363766867643,0.0169394200401952,0.0252655756531725,0,0.29004553137699474,-0.9937537762286526,-0.8843459812177769,-0.10940779501087572,agreement
ella,71,1.0422535211267605,1.1800922760499575,0.6567504862139787,0.18309859154929578,0.36619718309859156,ella,6.212606095751519,0.8975903614457831,0.0040160642570281,0.1345381526104417,0.0321285140562249,0.038152610441767,0,0.3929718875502007,0.1612020048117311,-0.3199997092227763,0.4812017140345074,agreement
elmiron,59,0.5084745762711864,0.8148470997275601,0.5710332655969703,0.05084745762711865,0.6610169491525424,elmiron,8.832733591996416,0.7007150153217568,0.0160490224686314,0.0925007295010213,0.0105048147067405,0.0172162241027137,0,0.2929691004529611,-1.305191316535557,-0.8683160218343416,-0.43687529470121544,agreement
eluxadoline,125,1.056,1.1722883113462166,0.6855469896819794,0.16,0.368,eluxadoline,7.97349996402463,0.3814610613370089,0.0220537560303239,0.1909028256374914,0.0082701585113714,0.0130944176430048,0,0.24772570640937272,0.1298704980227286,-1.116386017802456,1.2462565158251846,agreement
empagliflozin,54,1.0,1.11140520958288,0.6100798429960768,0.12962962962962962,0.4074074074074074,empagliflozin,11.1466618390612,0.6015713006556714,0.0485208636829124,0.3261311678758419,0.0576509786387041,0.020178563701663,0,0.4523036153196621,-0.11456414368177704,0.005316765804971363,-0.11988090948674841,agreement
enbrel,192,0.3958333333333333,0.6012984449563153,0.48987063299672395,0.036458333333333336,0.7083333333333334,enbrel,13.292755729999476,0.359457016016948,0.0283242590456143,0.1112662848044474,0.0160655372720464,0.0197256124300875,0,0.2184548647716208,-2.1625505410769392,-1.2768783442637477,-0.8856721968131915,agreement
endocet,39,1.1282051282051282,1.2474515913181499,0.43096290838740153,0.02564102564102564,0.28205128205128205,endocet,10.039896052315676,0.8220660760267098,0.1273885350318471,0.1853241427449611,0.0272663816420905,0.0468981764243957,0,0.52131225802309,0.43163747239095535,0.3836918651777472,0.04794560721320812,agreement
epclusa,59,1.0169491525423728,1.0722377828231993,0.719643140772025,0.1694915254237288,0.3898305084745763,epclusa,9.429395577381786,0.2951715272756487,0.0441838046272493,0.1074871465295629,0.0095597686375321,0.0145404884318766,0,0.20430499288706466,-0.27181427794243523,-1.3544622376818545,1.0826479597394192,agreement
epiduo,483,1.5072463768115942,1.4802269619313508,0.43433654916244596,0.07660455486542443,0.07039337474120083,epiduo,7.259116128097101,0.3176056338028169,0.004225352112676,0.0746478873239436,0.0169014084507042,0.0140845070422535,0,0.1602112676056337,1.3661884835179057,-1.596228587974795,2.962417071492701,patient-worse-than-FAERS
erlotinib,32,0.96875,1.1355446229230504,0.5510746694313888,0.03125,0.53125,erlotinib,9.425209786838147,0.9789448209099708,0.4647466924814456,0.3130848660858341,0.0248467247499193,0.0063730235559858,0,0.9393110680864795,-0.017648765196333863,2.675583650024875,-2.6932324152212086,FAERS-worse-than-patient
errin,40,1.325,1.3621819922976826,0.5426129651715987,0.2,0.25,errin,8.027802848370312,0.5221932114882507,0.0163185378590078,0.2160574412532637,0.0434073107049608,0.0205613577023498,0,0.33012402088772835,0.8922592811328723,-0.6645952100497865,1.556854491182659,agreement
escitalopram,1739,1.0994824611845888,1.2003302347291702,0.6078602558727496,0.15008625646923518,0.3341000575043128,escitalopram,11.827122878077736,0.6717398293196165,0.0812255779133038,0.3164299017638681,0.045458861337326,0.0315012964247891,0,0.499380474158336,0.24245374848624468,0.2634396681462537,-0.02098591966000901,agreement
esomeprazole,113,0.5221238938053098,0.7117476325953318,0.6900152045304405,0.09734513274336283,0.7345132743362832,esomeprazole,12.359300042119752,0.7179136239992449,0.0836189552885461,0.31037633463025,0.0384013177932111,0.0281403758627641,0,0.5046005271419483,-1.719117029557747,0.29206127247042246,-2.0111783020281693,FAERS-worse-than-patient
estarylla,119,1.7394957983193278,1.697955413545508,0.6506931860030888,0.3445378151260504,0.20168067226890757,estarylla,7.064759027791802,0.4541559554413025,0.0145423438836612,0.1591103507271171,0.0290846877673225,0.0153977758768177,0,0.2643904992072409,2.2403288363872496,-1.0250127870896186,3.265341623476868,patient-worse-than-FAERS
estradiol,301,0.4152823920265781,0.6837934153275593,0.5791511583372689,0.07973421926910298,0.7740863787375415,estradiol,12.154858295394863,0.5090839175941972,0.0175144989316576,0.2257149473196711,0.0278347911206542,0.0309977159577715,0,0.3270633819367157,-1.8313481558321418,-0.6813767249711933,-1.1499714308609486,agreement
eszopiclone,210,0.9571428571428572,1.0686065259373114,0.5622635840309943,0.11904761904761904,0.3476190476190476,eszopiclone,10.129865866360268,0.3993300634047135,0.0666267942583732,0.1835725677830941,0.0226076555023923,0.0179824561403508,0,0.3088859408714937,-0.2863931175569031,-0.7810438217282566,0.4946507041713535,agreement
etanercept,203,0.3891625615763547,0.5967607102219229,0.4927576567583743,0.034482758620689655,0.7142857142857143,etanercept,13.292755729999476,0.359457016016948,0.0283242590456143,0.1112662848044474,0.0160655372720464,0.0197256124300875,0,0.2184548647716208,-2.1807687252992687,-1.2768783442637477,-0.903890381035521,agreement
etodolac,56,1.125,1.1756228642029372,0.6343725730627987,0.17857142857142858,0.39285714285714285,etodolac,8.685584842676693,0.6477849171457558,0.0775862068965517,0.3297836375929682,0.0425963488843813,0.0336375929682217,0,0.49443689502202276,0.14325812462469753,0.23633397277707383,-0.0930758481523763,agreement
etonogestrel,4402,1.407314856883235,1.45395366418943,0.5777952885447031,0.20127214902317128,0.16424352567014994,etonogestrel,11.14430806435553,0.3437387042204647,0.0054504973398103,0.1108171408743927,0.0166261855193152,0.0254452926208651,0,0.1950933322932038,1.2607059451133071,-1.4049698676836435,2.665675812796951,patient-worse-than-FAERS
evolocumab,49,1.2857142857142858,1.289838524299255,0.8040111193827683,0.24489795918367346,0.32653061224489793,evolocumab,11.964173044066817,0.1562884129137449,0.0121126437660005,0.0501891406518665,0.0036363404786468,0.005107434437609,0,0.09057801445530096,0.6018133418212563,-1.9780284328672386,2.5798417746884947,patient-worse-than-FAERS
exemestane,39,1.2307692307692308,1.390531486416421,0.7117218242442244,0.1282051282051282,0.38461538461538464,exemestane,9.955225747940542,0.7643287905408613,0.1182754854945159,0.2483262902996059,0.0339964863966573,0.0256398081762499,0,0.5168823226472781,1.0060773724705052,0.35940248384269663,0.6466748886278086,agreement
exenatide,247,0.8623481781376519,1.0087579538558378,0.5719061460852845,0.07692307692307693,0.3724696356275304,exenatide,10.864923719378258,0.2796321786342433,0.0336850959700237,0.1439741530932171,0.0135352144987382,0.008086717136958,0,0.20605069970176637,-0.5266743097032403,-1.344890509219853,0.8182161995166128,agreement
exforge,39,0.7948717948717948,1.0527486948611242,0.6070202192684504,0.02564102564102564,0.5128205128205128,exforge,9.565774546478782,0.8769187635802902,0.1220999509357258,0.3333566972734282,0.0495549169411929,0.0302796663629354,0,0.612693628653536,-0.3500594411352563,0.8847368624212296,-1.234796303556486,agreement
ezetimibe,41,1.3170731707317074,1.4253167960124893,0.903990542840262,0.3170731707317073,0.4634146341463415,ezetimibe,11.381779795671903,0.64445407674408,0.0573493866009942,0.2961759474620331,0.0433597847402745,0.0414671409677566,0,0.46248840982488393,1.1457340989090965,0.06116009907506882,1.0845739998340276,agreement
falmina,38,1.631578947368421,1.6274450877335924,0.8356633661659728,0.3684210526315789,0.23684210526315788,falmina,6.466144724237619,0.6931464174454829,0.0327102803738317,0.2819314641744548,0.0373831775700934,0.0342679127725856,0,0.4355140186915886,1.9572426313955975,-0.08674076559552046,2.043983396991118,patient-worse-than-FAERS
famciclovir,38,0.4473684210526316,0.7968818510346473,0.42540098867751514,0.02631578947368421,0.6578947368421053,famciclovir,7.905441649060286,0.6985239852398524,0.0984876429361859,0.3105864994466986,0.0527480634452231,0.0195499815566211,0,0.5192215260773042,-1.3773185406782158,0.3722283603650487,-1.7495469010432645,agreement
farxiga,55,1.309090909090909,1.3045249509583845,0.45866523203181253,0.05454545454545454,0.2,farxiga,10.888912479243952,0.7603273359116641,0.1713576467953264,0.2833999029452387,0.0569636791220277,0.0231624920676397,0,0.602940486786415,0.6607766885360524,0.8312602850158693,-0.17048359647981692,agreement
febuxostat,36,1.4722222222222223,1.4120399104878085,0.8153651632760591,0.3055555555555556,0.3611111111111111,febuxostat,9.701432566051784,0.7546823356591994,0.1310893512851897,0.4284577723378213,0.0634026927784577,0.0375152998776009,0,0.6487058022889469,1.0924298049065957,1.0821919817240093,0.01023782318258637,agreement
femara,42,1.0,1.215275921106536,0.7131061433603537,0.11904761904761904,0.5238095238095238,femara,11.011769604649244,0.8027469171467719,0.0987917203129642,0.2548611798884157,0.0345977353009144,0.0226800039615727,0,0.5106005764150361,0.30245797607767266,0.32495960449099115,-0.022501628413318486,agreement
fenofibrate,33,0.8787878787878788,1.002499833439126,0.7522523905195723,0.15151515151515152,0.5454545454545454,fenofibrate,10.450944000123906,0.6856588922970079,0.0788697362332253,0.3505321610365571,0.0410978713558537,0.0225011568718186,0,0.5084625913355622,-0.551799531275374,0.3132370102591344,-0.8650365415345084,agreement
fentanyl,317,0.8643533123028391,1.0726845441161086,0.5360850087295228,0.07570977917981073,0.5078864353312302,fentanyl,11.63861493997545,0.8549555032237011,0.2945798645407083,0.3148811203612248,0.0827836178919147,0.0286792719063073,0,0.7948094603363779,-0.2700206121567427,1.8832798450225685,-2.153300457179311,FAERS-worse-than-patient
fesoterodine,37,0.9459459459459459,1.1174090697602295,0.4896952418680742,0.08108108108108109,0.32432432432432434,fesoterodine,9.280705634636746,0.5603094705443699,0.0406413124533929,0.2136465324384787,0.0257270693512304,0.0182699478001491,0,0.3489280387770319,-0.09045973098284758,-0.5614925861067241,0.47103285512387655,agreement
fetzima,122,1.8032786885245902,1.751549173588109,0.7152132209298331,0.4262295081967213,0.20491803278688525,fetzima,7.540090320145325,0.5289739500265817,0.0861244019138756,0.1568314726209463,0.0441254651780967,0.0446570972886762,0,0.38979266347687397,2.4554980895000935,-0.33743142759235906,2.7929295170924524,patient-worse-than-FAERS
fexofenadine,88,0.4431818181818182,0.7143565824079353,0.46865945715969826,0.022727272727272728,0.6590909090909091,fexofenadine,10.06087584278487,0.3472721053531725,0.029647983595352,0.1430280246069719,0.0171736158578263,0.016660970608339,0,0.23074519961688805,-1.7086425679386972,-1.209490311602562,-0.49915225633613525,agreement
finacea,47,0.5319148936170213,0.8455174491769274,0.5087737134523096,0.06382978723404255,0.6382978723404256,finacea,6.6293632534374485,0.5411140583554377,0.0846560846560846,0.1785714285714285,0.0767195767195767,0.0859788359788359,0,0.4578368630092766,-1.1820554108165968,0.035655619930964326,-1.2177110307475612,agreement
finasteride,79,1.0379746835443038,1.1301338679828907,0.6460860176280332,0.1518987341772152,0.3924050632911392,finasteride,10.98425828974124,0.6434756035448711,0.0851742509077335,0.2672639044419559,0.0402796158675218,0.071498863212189,0,0.4941217811347225,-0.03937196764239007,0.23460620008440705,-0.2739781677267971,agreement
fingolimod,70,0.8428571428571429,0.9971918808673359,0.6126144663731151,0.07142857142857142,0.4714285714285714,fingolimod,11.367298356083849,0.5151942808888683,0.0144712945504181,0.137529353245341,0.0159751061343944,0.0162411651069441,0,0.26194315592212547,-0.5731100008062041,-1.0384315955522698,0.4653215947460657,agreement
fioricet,121,0.7603305785123967,0.9927154696339386,0.4194015755135885,0.04132231404958678,0.39669421487603307,fioricet,9.28489110324048,0.5647004180213655,0.0676691729323308,0.2532256567344286,0.0173582103406664,0.0258052538754293,0,0.3956423726912884,-0.5910819822635679,-0.3053574116633956,-0.2857245706001723,agreement
flagyl,175,1.36,1.4677248295118381,0.7232226910693222,0.24,0.3142857142857143,flagyl,11.038029889644063,0.8423092385623543,0.10841881853555,0.4269704473100299,0.0823391323921921,0.0385889314081744,0,0.667480371658747,1.3159946831037135,1.1851331391310407,0.1308615439726728,agreement
flecainide,87,0.5287356321839081,0.802952300028237,0.6219998631055594,0.08045977011494253,0.6896551724137931,flecainide,8.53817159780143,0.7462277091906722,0.084818805093046,0.4023506366307541,0.056611165523996,0.0246816846229187,0,0.5724285478208646,-1.352946785925945,0.6639630091114308,-2.0169097950373756,FAERS-worse-than-patient
flonase,72,0.5694444444444444,0.7259871022723264,0.5949642291394851,0.06944444444444445,0.6388888888888888,flonase,11.479513448624989,0.5016042891446552,0.0457746114793254,0.225347161188258,0.0226236390144034,0.0256222017722539,0,0.3449639312689514,-1.66194813428549,-0.5832278284406501,-1.0787203058448398,agreement
fluconazole,261,1.0574712643678161,1.1271158757102118,0.6630316402912457,0.11877394636015326,0.4367816091954023,fluconazole,11.138101097868566,0.8476963823161326,0.1792115216758801,0.4390893220832121,0.0921152167588012,0.0276403840558626,0,0.7461055396584708,-0.05148866075547792,1.6162357458429235,-1.6677244065984014,agreement
fluocinonide,30,0.43333333333333335,0.7687296917942278,0.43537348677452414,0.03333333333333333,0.6666666666666666,fluocinonide,8.626944055375356,0.4343615494978479,0.0462448467467288,0.1835454382505825,0.010754615522495,0.0177451156121168,0,0.28935130406785214,-1.4903443681711905,-0.888152436710794,-0.6021919314603965,agreement
fluorouracil,87,0.7931034482758621,0.9915516524255434,0.5556402700429748,0.05747126436781609,0.5517241379310345,fluorouracil,11.227520797262487,0.9456011281546424,0.1420779566316349,0.4012771052281495,0.0756551815883996,0.0181322336038313,0,0.6996135564855039,-0.5957544978566373,1.3613197228063636,-1.9570742206630007,agreement
fluoxetine,1008,1.064484126984127,1.195024829063522,0.6030186636671927,0.12400793650793651,0.33134920634920634,fluoxetine,11.774720336595148,0.713806217185792,0.102143544352511,0.3105791802963248,0.0508755050990956,0.0371598999422743,0,0.5382873336952795,0.22115350432291703,0.47676638008928357,-0.25561287576636654,agreement
fluticasone,143,0.45454545454545453,0.6349307566284633,0.5737192006772524,0.055944055944055944,0.7062937062937062,fluticasone,12.491052319790992,0.4691450989841791,0.0521083227422108,0.2267415189549758,0.0164544682003113,0.0170184924759161,0,0.3312991312083427,-2.027522892761125,-0.6581520680473089,-1.3693708247138159,agreement
fluvoxamine,150,0.9066666666666666,1.0732458963612972,0.6502701997509958,0.17333333333333334,0.5066666666666667,fluvoxamine,7.75833346749091,0.7884615384615384,0.1094017094017094,0.3799145299145299,0.0645299145299145,0.0294871794871794,0,0.608162393162393,-0.26776688442361785,0.8598920515094863,-1.1276589359331042,agreement
focalin,54,1.2222222222222223,1.269028463842144,0.5845048013285497,0.12962962962962962,0.25925925925925924,focalin,8.329416783939319,0.3739130434782609,0.0086893555394641,0.0946174269852763,0.0156891141684769,0.0173787110789283,0,0.19288837116561183,0.5182647129840481,-1.4170596922778065,1.9353244052618546,agreement
focalin xr,61,1.1967213114754098,1.262282826225384,0.5996029208368385,0.13114754098360656,0.2459016393442623,focalin xr,8.329416783939319,0.3739130434782609,0.0086893555394641,0.0946174269852763,0.0156891141684769,0.0173787110789283,0,0.19288837116561183,0.4911821980305456,-1.4170596922778065,1.908241890308352,agreement
forteo,54,0.8148148148148148,0.9405234274841113,0.7680462720155675,0.18518518518518517,0.6111111111111112,forteo,11.62294511000878,0.3709855142573033,0.0473174533499359,0.2159026776196149,0.006181189475853,0.007739924213242,0,0.27692734496688615,-0.8006235915644592,-0.9562731325435466,0.15564954097908745,agreement
frovatriptan,39,0.8205128205128205,0.9906729465303502,0.6356385023757682,0.07692307692307693,0.5384615384615384,frovatriptan,6.6039438246004725,0.7530529172320217,0.0067842605156037,0.1696065128900949,0.0176390773405698,0.0284938941655359,0,0.35156037991858863,-0.5992823430950436,-0.5470594324900091,-0.05222291060503448,agreement
furosemide,57,0.5789473684210527,0.8250016370155787,0.5417580235580177,0.10526315789473684,0.6842105263157895,furosemide,12.88177606448143,0.8130820427329761,0.1557868332816053,0.4909204695203545,0.0649610005037116,0.0259055362494339,0,0.7152743566392484,-1.264422685966761,1.447188051501023,-2.711610737467784,FAERS-worse-than-patient
gabapentin,1409,0.6941092973740242,0.8881044478744834,0.5413689616518824,0.05677785663591199,0.5294535131298793,gabapentin,12.793239674052872,0.633086403274604,0.095720670639509,0.2929072534021169,0.0292515342880014,0.0268945121408876,0,0.47432760425197107,-1.0110763137204628,0.12607452417243697,-1.1371508378928998,agreement
genvoya,55,1.018181818181818,1.1450979576288958,0.5686070065068489,0.05454545454545454,0.4,genvoya,9.205126804923296,0.7778224590328743,0.0198049663215039,0.1142052880265406,0.008344224389263,0.008042625917362,0,0.32255956569820027,0.02070614574404072,-0.7060711958381061,0.7267773415821468,agreement
geodon,222,1.1846846846846846,1.3207873639956584,0.6618057738970033,0.1981981981981982,0.36486486486486486,geodon,9.836706518845777,0.7002031433764567,0.0701341743732292,0.2455230662318918,0.0356551023680975,0.0277970813064628,0,0.450938689311114,0.7260673355117706,-0.0021671375713113576,0.728234473083082,agreement
gilenya,68,0.8676470588235294,1.0163975278264203,0.6194611738765811,0.07352941176470588,0.45588235294117646,gilenya,11.309939869972228,0.4970353310138677,0.0136227764982604,0.1321115303572303,0.0143578183956485,0.0157788993972656,0,0.2513206252756406,-0.496002801974655,-1.0966750405976602,0.6006722386230052,agreement
glatiramer,103,0.9514563106796117,1.0691846386425745,0.5721795792129108,0.05825242718446602,0.42718446601941745,glatiramer,11.0337438465387,0.4668681025707314,0.0211374499418679,0.1560683374241054,0.0091073504715153,0.0094948973000904,0,0.25316435791241554,-0.2840720996080295,-1.0865658355426548,0.8024937359346254,agreement
glimepiride,38,0.631578947368421,0.8113746809238874,0.4586623009073232,0.05263157894736842,0.5526315789473685,glimepiride,10.55625534894273,0.6435006770128112,0.0843658892128279,0.356908579758434,0.0471678467305289,0.0218919200333194,0,0.5089290036036349,-1.319132449978841,0.31579435353335517,-1.6349268035121962,agreement
glipizide,37,0.8108108108108109,1.0341514314671647,0.7196882855160208,0.1891891891891892,0.5945945945945946,glipizide,11.004164375253117,0.5620153748876835,0.0883023135904728,0.2991534021921727,0.0242170217720339,0.0212896894699199,0,0.44076002719943524,-0.42472408999065125,-0.057976846864391814,-0.36674724312625945,agreement
golimumab,67,1.0149253731343284,1.1551500093254794,0.6586883730700984,0.1791044776119403,0.40298507462686567,golimumab,11.336963642128856,0.7500865516623888,0.0734880282361919,0.2395187446341696,0.0668701707526471,0.0903844319374224,0,0.5350386050103066,0.061063315199707584,0.4589535672175022,-0.3978902520177946,agreement
goserelin,32,1.6875,1.7190004596228736,0.7073968835442999,0.21875,0.15625,goserelin,9.478916074688229,0.903211009174312,0.1824159021406727,0.2972477064220183,0.0427370030581039,0.0391437308868501,0,0.6635932721712536,2.3248208899881297,1.1638201325678919,1.161000757420238,agreement
guaifenesin,155,0.5483870967741935,0.7642091018653844,0.58031734651475,0.06451612903225806,0.632258064516129,guaifenesin,12.203464246613606,0.5556480905460456,0.0711206248308084,0.2464432167958371,0.0276070544120153,0.0284342132967043,0,0.40302625322984587,-1.5084937191002072,-0.2648715185479436,-1.2436222005522637,agreement
guanfacine,170,1.1176470588235294,1.2064545703546348,0.6329289348108994,0.13529411764705881,0.31176470588235294,guanfacine,8.936035096566041,0.5903646176122154,0.0318421052631578,0.2407894736842105,0.0378947368421052,0.0185526315789473,0,0.3726488589678749,0.26704184831906314,-0.43143108445559625,0.6984729327746594,agreement
haloperidol,61,1.4262295081967213,1.5095331817925333,0.7648856812990631,0.32786885245901637,0.36065573770491804,haloperidol,10.19076954496657,0.9182080816418414,0.1595197899080848,0.489251547552054,0.1070343275182892,0.0292628024760832,0,0.7857194119245539,1.4838476556692721,1.8334390158686225,-0.34959136019935033,agreement
harvoni,268,0.7611940298507462,0.9423687930770955,0.6179383458305001,0.10074626865671642,0.5223880597014925,harvoni,9.857810039039476,0.3895634879095572,0.0406155134512718,0.1417355804459332,0.0170627028158693,0.0128755364806866,0,0.25101538783628163,-0.7932147824783468,-1.0983486606244457,0.30513387814609894,agreement
humira,376,0.5851063829787234,0.7496035491972058,0.6035042406896128,0.09308510638297872,0.6728723404255319,humira,13.457789352599177,0.5078628449826812,0.0421541414080744,0.2113112730902502,0.0169634774699792,0.0233987875875738,0,0.3301185647352889,-1.5671323713689456,-0.6646251261898611,-0.9025072451790844,agreement
hydrochlorothiazide,101,0.7821782178217822,0.948889984832378,0.6564563081518205,0.13861386138613863,0.5346534653465347,hydrochlorothiazide,12.240348460493946,0.674172563121061,0.0696709232605219,0.3433491324955429,0.0407830973122098,0.0262063167659549,0,0.49456815803054793,-0.7670333770633432,0.23705368920604533,-1.0040870662693886,agreement
hydrocodone,121,1.2314049586776858,1.2713175515265267,0.5207156754187598,0.10743801652892562,0.256198347107438,hydrocodone,11.475503932320596,0.8627180232558139,0.3065631293731702,0.119510827813882,0.0062080850445362,0.0823246060253721,0,0.6877276425102448,0.5274549860114846,1.2961491339447229,-0.7686941479332383,agreement
hydrocortisone,43,0.23255813953488372,0.7177663241947707,0.4383462554274532,0.046511627906976744,0.8604651162790697,hydrocortisone,11.706005606750043,0.7931188045324844,0.1226493647823111,0.3831174719902388,0.1006784998804587,0.0801915958350165,0,0.6888206591260544,-1.6949530713816754,1.3021421553174286,-2.9970952266991038,FAERS-worse-than-patient
hydromorphone,346,1.4913294797687862,1.3913226009234967,0.5206465904608785,0.1329479768786127,0.21965317919075145,hydromorphone,11.418922430479109,0.9268967941816264,0.3070956968811451,0.1851977984554033,0.0217078449251321,0.1074626209805881,0,0.7703537449898521,1.0092535541281997,1.7491889056565872,-0.7399353515283875,agreement
hydroxychloroquine,156,1.0833333333333333,1.2037155921564882,0.74681887019925,0.20512820512820512,0.4230769230769231,hydroxychloroquine,11.914007648749545,0.7801564760730936,0.0764414803506023,0.2570123808949867,0.0617370750554093,0.0713592200504878,0,0.5383357276996926,0.2560453462501822,0.4770317249143885,-0.22098637866420628,agreement
hydroxyprogesterone,47,0.5319148936170213,0.8413545230781676,0.48144849905523607,0.0851063829787234,0.6595744680851063,hydroxyprogesterone,4.897839799950911,0.6691729323308271,0.037593984962406,0.2857142857142857,0.0075187969924812,0.0,0,0.3872180451127819,-1.1987688061581834,-0.35154808662515463,-0.8472207195330288,agreement
hydroxyzine,595,1.0084033613445378,1.1336651258447321,0.5600437287426996,0.11428571428571428,0.33949579831932775,hydroxyzine,10.803587925011556,0.6581078331637843,0.1497072932758761,0.3087649402390438,0.0473819009675583,0.0223798682819741,0,0.5550935419159617,-0.025194606022729504,0.5689149930233028,-0.5941095990460323,agreement
hyoscyamine,60,0.8666666666666667,0.9848586356547766,0.6802278199654759,0.13333333333333333,0.5166666666666667,hyoscyamine,9.21463115339334,0.6207033974295109,0.0827524397530372,0.2966540529774945,0.0170284803823939,0.0256920932085241,0,0.4488977350225197,-0.6226257496309651,-0.013357710976457058,-0.609268038654508,agreement
hysingla er,57,1.3508771929824561,1.4059913942860784,0.5365608193443541,0.15789473684210525,0.22807017543859648,hysingla er,10.670465881223274,0.8709595021363552,0.4972134497492105,0.1023128367081553,0.0042262678803641,0.0638584432472599,0,0.8577396433215679,1.068146106346676,2.2283266870956626,-1.1601805807489867,agreement
ibuprofen,103,0.7087378640776699,0.9028892799306744,0.5108418380241251,0.07766990291262135,0.5145631067961165,ibuprofen,12.541254764593209,0.6302385407759105,0.0658494196067773,0.3006494110242528,0.0516524935809868,0.0389575093513757,0,0.4738379387624293,-0.9517178871349664,0.12338968324517756,-1.075107570380144,agreement
imatinib,31,0.8709677419354839,1.0641896612818247,0.58178941855248,0.03225806451612903,0.41935483870967744,imatinib,10.621790652977191,0.8047882585269522,0.2158076941830416,0.2170266712175142,0.0319128187624945,0.0153834901750451,0,0.6020562054824115,-0.3041260302740956,0.8264117615097085,-1.1305377917838042,agreement
imipramine,34,1.0588235294117647,1.2299404614693608,0.6797888051612792,0.20588235294117646,0.4411764705882353,imipramine,6.563855526532128,0.7086280056577087,0.0790960451977401,0.3389830508474576,0.0480225988700565,0.0480225988700565,0,0.5332098706238663,0.3613334532713608,0.4489265977237025,-0.08759314445234173,agreement
imiquimod,209,0.9952153110047847,1.161638711785949,0.6774605733994854,0.1291866028708134,0.4784688995215311,imiquimod,7.707512194600341,0.5537561853351327,0.0323741007194244,0.141636690647482,0.0094424460431654,0.0256294964028776,0,0.2948139059602518,0.08711428197234909,-0.8582009342192378,0.9453152161915869,agreement
imitrex,149,1.0738255033557047,1.1629946696913227,0.5861655353612698,0.1342281879194631,0.31543624161073824,imitrex,10.524171561362358,0.4983730873692419,0.0236808859500577,0.1867860118807623,0.0252667795607881,0.0298631830766336,0,0.3077034699034854,0.09255820771146117,-0.7875273222362782,0.8800855299477394,agreement
imuran,46,1.2173913043478262,1.2513052260896789,0.8230248197681207,0.2391304347826087,0.41304347826086957,imuran,11.360717896079558,0.8664345274141706,0.0980088495575221,0.3422449930135072,0.0575919888216115,0.0344666977177456,0,0.5992619837482379,0.4471091189949718,0.8110910149348021,-0.36398189593983027,agreement
inderal,60,0.9,1.0634983978968695,0.6703045245039497,0.16666666666666666,0.43333333333333335,inderal,9.887612203377838,0.6926556543837357,0.1033834586466165,0.3063401747612274,0.0514631172525909,0.0336821784190205,0,0.5290982610377379,-0.30690132773646495,0.426382599975199,-0.733283927711664,agreement
indomethacin,138,1.0072463768115942,1.1463524806798535,0.6385149955458838,0.16666666666666666,0.4492753623188406,indomethacin,9.47401147446646,0.7897971727105101,0.1157037492317148,0.3381223110018438,0.061539643515673,0.0386447449293177,0,0.5979870928088504,0.025742828889109413,0.8041007747709243,-0.778357945881815,agreement
infliximab,139,1.0575539568345325,1.2034909266267273,0.7013698801440471,0.19424460431654678,0.460431654676259,infliximab,12.390932644418776,0.8751631487500935,0.0580235984522607,0.2891371478207382,0.0484769896387915,0.0458918826810302,0,0.5360470265754121,0.25514335478325734,0.46448275305508263,-0.2093393982718253,agreement
insulin degludec,40,0.975,1.0903870734200884,0.6280102476172795,0.15,0.5,insulin degludec,10.090299014602934,0.6011949215832711,0.0548388434894429,0.2975899116439208,0.0345542788401709,0.027626830381217,0,0.4309744801253733,-0.19894815884281544,-0.11163110235348345,-0.087317056489332,agreement
insulin glargine,66,0.36363636363636365,0.6288521413655458,0.49651993880134715,0.015151515151515152,0.7575757575757576,insulin glargine,12.403631686631549,0.5159736016942196,0.055108254953136,0.2628321925116134,0.0298747558313225,0.0216427832767026,0,0.3803661846759584,-2.0519274336077205,-0.38911690803805143,-1.662810525569669,agreement
interferon beta-1a,63,0.6190476190476191,0.669646008322847,0.6602279214574053,0.12698412698412698,0.6666666666666666,interferon beta-1a,12.163926858516485,0.5314656498902027,0.0509009361391431,0.3197475814232444,0.0063730475370935,0.0073952384677566,0,0.38048952677493053,-1.888147436126483,-0.38844062203781815,-1.4997068140886647,agreement
intuniv,107,1.1682242990654206,1.2479388035469774,0.6677784991932817,0.17757009345794392,0.32710280373831774,intuniv,8.815666824946216,0.5925760950259836,0.0317601662214306,0.2328584149599287,0.0400712377560106,0.0182546749777382,0,0.37079746489841525,0.43359354136803274,-0.4415822972249958,0.8751758385930286,agreement
invega,73,1.1095890410958904,1.3085488991751155,0.7255944453974932,0.1643835616438356,0.3972602739726027,invega,10.863661189560236,0.4481547584777477,0.0364457716013935,0.2020405038091956,0.0205198882125492,0.0159641667623751,0,0.29950327835301754,0.6769321128181057,-0.8324890570456189,1.5094211698637245,agreement
invokana,191,1.4136125654450262,1.4202225620449973,0.746604716307166,0.2617801047120419,0.34554973821989526,invokana,10.296880079410023,0.6465467795809575,0.0230102230169708,0.3593913424879382,0.0373156989102196,0.0438948682479165,0,0.45724889503694444,1.1252816709194196,0.03243178547713659,1.092849885442283,agreement
irbesartan,48,1.3333333333333333,1.3317318798060958,0.8110317090216922,0.2708333333333333,0.3958333333333333,irbesartan,10.792489304172612,0.7590346585536324,0.0720407785748052,0.4130886070745894,0.0631821264875752,0.0343041539062339,0,0.5808540886026134,0.7700075869653281,0.7101603360790749,0.0598472508862532,agreement
isosorbide mononitrate,32,1.71875,1.685485506373681,0.76214823326841,0.4375,0.25,isosorbide mononitrate,9.916699884008263,0.8422429537489511,0.1268689859363434,0.4801381692573402,0.0756970145571181,0.04653343202566,0,0.7127419707533553,2.1902644145139627,1.4333029535815789,0.7569614609323838,agreement
isotretinoin,696,1.5804597701149425,1.5214414719089138,0.5162622902780724,0.16235632183908047,0.1336206896551724,isotretinoin,10.783902371171786,0.5629638843968985,0.0182639882248066,0.089516346373116,0.0114434977299583,0.0218919087007898,0,0.2563904610049536,1.5316572866441451,-1.0688770790274469,2.6005343656715922,patient-worse-than-FAERS
ivermectin,122,0.5327868852459017,0.7889921325224021,0.5470237427889638,0.07377049180327869,0.680327868852459,ivermectin,8.715552125907816,0.5908121410992617,0.0907152230971128,0.3594160104986876,0.0437992125984251,0.0223097112860892,0,0.49832303865523764,-1.4089943334981438,0.2576417383813598,-1.6666360718795037,agreement
ixekizumab,30,1.1,1.202897198186527,0.6589690628556857,0.16666666666666666,0.4,ixekizumab,10.499683207019624,0.2111325434003857,0.0148472578023854,0.0794149243864143,0.0066385698151667,0.0049307219788998,0,0.12665684425307147,0.25275964248301586,-1.7802078371390635,2.032967479622079,patient-worse-than-FAERS
janumet,34,0.8529411764705882,1.0368949016854032,0.591948927673755,0.08823529411764706,0.5294117647058824,janumet,9.968010448551627,0.6497421472105016,0.0984436527282955,0.3248640540033752,0.0595818488655541,0.0298143633977123,0,0.5243338573639755,-0.4137095532735693,0.4002593255143564,-0.8139688787879257,agreement
januvia,60,1.25,1.2488449947820208,0.8068547982696505,0.2833333333333333,0.43333333333333335,januvia,11.170054802007892,0.6434207930558296,0.0946006875951079,0.346869187848729,0.0576283604801893,0.032886208645663,0,0.5301845538723368,0.43723173527468734,0.4323387547862086,0.004892980488478749,agreement
jardiance,51,1.0196078431372548,1.0971136297774262,0.6190068074393271,0.13725490196078433,0.4117647058823529,jardiance,11.070521438434008,0.6081847649918962,0.0497447391358485,0.3303449134603411,0.0584142697048935,0.0205609513136595,0,0.45849670704706436,-0.17194225169468214,0.03927355159267584,-0.21121580328735798,agreement
jolessa,92,1.75,1.6680522481274878,0.5482454068672327,0.31521739130434784,0.09782608695652174,jolessa,6.025865973825314,0.612590799031477,0.0048426150121065,0.2493946731234866,0.0338983050847457,0.0387409200968523,0,0.3675544794188861,2.1202730357942188,-0.4593636200421213,2.57963665583634,patient-worse-than-FAERS
jublia,99,0.494949494949495,0.8022504487568125,0.4691640495616579,0.04040404040404041,0.6565656565656566,jublia,7.556427969440253,0.3697698744769874,0.0528242677824267,0.2039748953974895,0.0449790794979079,0.0407949790794979,0,0.3302824267782425,-1.3557645918374666,-0.6637266689190457,-0.6920379229184208,agreement
kariva,76,1.618421052631579,1.6030969000786854,0.6389434544941415,0.27631578947368424,0.15789473684210525,kariva,5.905361848054571,0.5191256830601093,0.0109289617486338,0.2158469945355191,0.0628415300546448,0.0191256830601092,0,0.33825136612021844,1.8594890617973214,-0.6200328923529115,2.4795219541502327,patient-worse-than-FAERS
keppra,160,0.80625,0.9902330888578526,0.6271176433219966,0.09375,0.5125,keppra,11.77836192847469,0.828732502396932,0.0903611224012454,0.3698878058880819,0.0607980122546952,0.0212578317318384,0,0.5874436680804089,-0.6010482920934352,0.7462910682896915,-1.3473393603831267,agreement
ketoconazole,33,0.8181818181818182,0.956514845701401,0.5436991756790565,0.09090909090909091,0.5151515151515151,ketoconazole,9.732699231555848,0.5448071216617211,0.0653656800521976,0.2220772287798801,0.0212349486920932,0.021353579690373,0,0.3717818956775897,-0.7364209397763732,-0.43618465311400334,-0.3002362866623699,agreement
ketorolac,224,1.3035714285714286,1.3429995160654613,0.6331625278583386,0.20982142857142858,0.2857142857142857,ketorolac,8.628913441026645,0.5568283515303383,0.0542039355992844,0.2563506261180679,0.0384615384615384,0.0286225402504472,0,0.4002327630619636,0.8152451085788093,-0.2801882539373331,1.0954333625161423,agreement
klonopin,546,0.6025641025641025,0.8182044169227006,0.5344428001208755,0.06043956043956044,0.608058608058608,klonopin,11.965242351855624,0.6811521355992594,0.1173645304528162,0.2969515375904932,0.0395434940264895,0.0282644375739532,0,0.5216058414507995,-1.2917122952321987,0.38530158613851395,-1.6770138813707125,agreement
kyleena,205,1.5463414634146342,1.5225972318417835,0.5824703264710785,0.2731707317073171,0.0975609756097561,kyleena,9.345308232386667,0.5040643300410803,0.0056798322264942,0.0942852149598042,0.0205347780496329,0.0174764068507514,0,0.2327030459539527,1.5362974537332925,-1.1987554199524373,2.7350528736857296,patient-worse-than-FAERS
lacosamide,85,1.3176470588235294,1.3160941816270342,0.6529419375174641,0.18823529411764706,0.3411764705882353,lacosamide,10.496372311157678,0.7877481063747442,0.0852610341873255,0.340629577425863,0.0527319459414642,0.0174667661609042,0,0.5463125478784845,0.7072250571536828,0.5207687121900303,0.1864563449636525,agreement
lactulose,40,0.6,1.0014965204074824,0.5276313726630981,0.05,0.575,lactulose,10.536460010060004,0.8829496269152128,0.1753976050766003,0.5496110240819903,0.0780606961739638,0.0327908026445052,0,0.800490123982484,-0.5558276516290407,1.9144269823577584,-2.4702546339867992,FAERS-worse-than-patient
lamictal,441,0.8367346938775511,0.9998917604623255,0.6589355141680274,0.1383219954648526,0.49206349206349204,lamictal,11.768396796898497,0.7187182844348722,0.0854414202283395,0.3047650767586324,0.0639706907502362,0.0408811364305299,0,0.5332327920396773,-0.562270472557267,0.44905227608289805,-1.011322748640165,agreement
lamisil,83,0.8433734939759037,1.0462170795455739,0.7395598414532274,0.14457831325301204,0.5301204819277109,lamisil,7.205635176410364,0.6468401486988847,0.038632986627043,0.2533432392273402,0.0319465081723625,0.0364041604754829,0,0.41039676972110656,-0.37628269525943503,-0.2244589006415938,-0.15182379461784123,agreement
lamotrigine,780,0.9230769230769231,1.0542999866046963,0.6671240941360644,0.15512820512820513,0.45256410256410257,lamotrigine,11.769534739667431,0.718504302606327,0.0853829311505342,0.3046196219816948,0.0639288836622747,0.040873325957618,0,0.5329984680234321,-0.34383128536564445,0.447767475086112,-0.7915987604517565,agreement
lansoprazole,67,0.31343283582089554,0.606313163351609,0.6011999006816028,0.04477611940298507,0.8208955223880597,lansoprazole,12.07294688491158,0.8727836676872458,0.1120466099274575,0.3639344262295082,0.0684411949505911,0.0547952247672359,0,0.6489585366459234,-2.1424173537277236,1.0835777268088223,-3.2259950805365456,FAERS-worse-than-patient
latuda,425,1.1929411764705882,1.2547509678350373,0.6217280482249191,0.16470588235294117,0.31058823529411766,latuda,9.935761113086423,0.4441431407680015,0.0276930525296538,0.1447107237956911,0.0206729605422415,0.0197046719922536,0,0.26362299548627055,0.46094314887418103,-1.0292210179041148,1.4901641667782959,agreement
leflunomide,41,1.3170731707317074,1.2152357640984635,0.6491118691285829,0.2682926829268293,0.3170731707317073,leflunomide,11.542047278542247,0.8239705468074565,0.0857178934281329,0.2733550906229967,0.0806865201934844,0.1063387532295976,0,0.608572946197374,0.30229675295342545,0.8621431180327964,-0.559846365079371,agreement
letrozole,89,1.1685393258426966,1.3754377230736787,0.6705485506867757,0.12359550561797752,0.4044943820224719,letrozole,11.011868637429178,0.8027004275126686,0.0987984419356968,0.2548524460289166,0.0346108140225787,0.0226777579718756,0,0.5105978750023316,0.9454786426456462,0.32494479261728254,0.6205338500283637,agreement
leuprolide,200,1.21,1.2732390987239144,0.6404983920952655,0.18,0.305,leuprolide,11.25889735799164,0.4628108763198948,0.153649795013279,0.1550808343862001,0.0120542505737049,0.0100559523502565,0,0.386716042206491,0.5351696504603745,-0.35430057373563967,0.8894702241960142,agreement
levetiracetam,227,0.8105726872246696,0.9879135499672058,0.6420499659271808,0.09691629955947137,0.5286343612334802,levetiracetam,11.779090190834632,0.8285582892618993,0.0903336551872116,0.3697334743359848,0.0607767406930586,0.0212500191579689,0,0.5872642850987989,-0.6103608212063382,0.7453075095522131,-1.3556683307585513,agreement
levocetirizine,166,0.8554216867469879,1.0393226556086912,0.6595497099278451,0.1144578313253012,0.5180722891566265,levocetirizine,10.056337386630338,0.4051013397457918,0.0416702428976053,0.1681400738134065,0.0205990902068491,0.0158355505965153,0,0.2748348393110861,-0.40396256037737355,-0.967746362626539,0.5637838022491655,agreement
levofloxacin,422,1.7014218009478672,1.6732180426135657,0.7376338076393111,0.36492890995260663,0.23933649289099526,levofloxacin,10.98605514403538,0.881711139347734,0.135949461418603,0.4661100196463654,0.0817187182440214,0.0520628683693516,0,0.7353367954998691,2.1410127663229277,1.5571906106032396,0.5838221557196881,agreement
levomilnacipran,133,1.736842105263158,1.7152847630249526,0.7292625587054167,0.40601503759398494,0.21804511278195488,levomilnacipran,7.540090320145325,0.5289739500265817,0.0861244019138756,0.1568314726209463,0.0441254651780967,0.0446570972886762,0,0.38979266347687397,2.309903040202388,-0.33743142759235906,2.647334467794747,patient-worse-than-FAERS
levonorgestrel,4896,1.1045751633986929,1.200538233958745,0.5683766658960783,0.1482843137254902,0.2542892156862745,levonorgestrel,12.233099117915671,0.3282181566869619,0.0015184107301024,0.0559232618577171,0.0101957387165535,0.0108089430498642,0,0.14366833977319726,0.24328882777234181,-1.6869336318258297,1.9302224595981714,agreement
levora,151,1.6291390728476822,1.6428675298687978,0.6922739984796032,0.33112582781456956,0.1986754966887417,levora,6.620073206530356,0.6662216288384513,0.02803738317757,0.2817089452603471,0.0400534045393858,0.0360480640854472,0,0.4260347129506006,2.0191609471243392,-0.13871589669823828,2.1578768438225775,patient-worse-than-FAERS
levothyroxine,376,0.6117021276595744,0.8194342391774481,0.6499685056387072,0.09042553191489362,0.648936170212766,levothyroxine,12.64017703940302,0.6018646039579897,0.0646874949386975,0.2901122394441475,0.0343909431028618,0.0296713797515507,0,0.43858571615654307,-1.2867747813163022,-0.06989861672816547,-1.2168761645881367,agreement
lexapro,1242,1.1215780998389695,1.2143546647710712,0.6134388905007553,0.15780998389694043,0.32689210950080516,lexapro,11.7207441886627,0.666777719091537,0.0801394011275569,0.3128564233375034,0.0451266470616906,0.0321532437570066,0,0.49520951680302683,0.29875929851763827,0.24057026596749856,0.05818903255013971,agreement
lialda,74,0.9459459459459459,0.9703067518777918,0.6755641659577464,0.10810810810810811,0.5135135135135135,lialda,10.46501579627588,0.7853394181403308,0.0548964809216905,0.3046255632236354,0.0349626418753208,0.0263503108424114,0,0.48922641906555203,-0.6810489310086076,0.20776487939145447,-0.8888138104000621,agreement
librax,38,1.0,1.1612760255132522,0.7041754064935987,0.18421052631578946,0.4473684210526316,librax,7.554858521040676,0.5657412257726558,0.035620743844945,0.2750130958617077,0.0178103719224725,0.0293347302252488,0,0.37763226820324775,0.08565816218623158,-0.4041070002426526,0.4897651624288842,agreement
lidocaine,129,0.6976744186046512,0.9053093774656722,0.5367593007112783,0.046511627906976744,0.5658914728682171,lidocaine,11.45318607621936,0.5689715615140281,0.0771656050955414,0.2781528662420382,0.063036093418259,0.0207006369426751,0,0.4518528272652487,-0.9420016332529512,0.0028450902553194186,-0.9448467235082706,agreement
lidoderm,50,0.82,1.003147929193498,0.5824012873645517,0.08,0.54,lidoderm,8.946114375560743,0.6492508143322475,0.0973036342321219,0.3218705223394555,0.0243584733619903,0.0293083235638921,0,0.49301674488584063,-0.5491975440421033,0.22854727493965232,-0.7777448189817556,agreement
lifitegrast,86,1.0116279069767442,1.1403714125698796,0.5797470130521891,0.13953488372093023,0.32558139534883723,lifitegrast,9.681468368883628,0.1778443861621081,0.0178560279702815,0.0393332084660048,0.0027470812261971,0.0076793407005057,0,0.098449151523228,0.0017299222183111882,-1.9348709071779862,1.9366008293962973,agreement
liletta,272,1.5294117647058822,1.5506072050300177,0.5673319062532848,0.27205882352941174,0.08455882352941177,liletta,9.527338498762017,0.2412763167480148,0.0042974725034598,0.0513511544904945,0.0101973923810911,0.0088862990749508,0,0.11673426803044992,1.6487524299438148,-1.83461342486238,3.4833658548061948,patient-worse-than-FAERS
linaclotide,428,0.9976635514018691,1.0931746082984415,0.6166593580612056,0.11682242990654206,0.31542056074766356,linaclotide,10.154168446843428,0.3588665732523742,0.0403159901934077,0.1467486477020664,0.0096898470638595,0.0129976261820445,0,0.2382005019986719,-0.18775671048531153,-1.1686128117843915,0.98085610129908,agreement
linzess,414,0.9951690821256038,1.0897641115038175,0.6189007613300203,0.11594202898550725,0.3164251207729469,linzess,10.154168446843428,0.3588665732523742,0.0403159901934077,0.1467486477020664,0.0096898470638595,0.0129976261820445,0,0.2382005019986719,-0.2014492382620468,-1.1686128117843915,0.9671635735223447,agreement
liothyronine,35,0.42857142857142855,0.7909784798753449,0.4556789155050395,0.02857142857142857,0.6857142857142857,liothyronine,9.055906318669118,0.4553310755576317,0.0235760971055088,0.1725023342670401,0.0162231559290382,0.0269607843137254,0,0.2782776606691567,-1.4010195081450498,-0.9488693376272055,-0.45215017051784434,agreement
lipitor,47,1.2553191489361701,1.4307661543436763,0.9053853147857297,0.3404255319148936,0.48936170212765956,lipitor,12.400540964140284,0.6513997635826698,0.0762682561375199,0.2852320814054961,0.0300907249765366,0.031638483196944,0,0.460523744134159,1.1676122869879648,0.050387816838522066,1.1172244701494427,agreement
liraglutide,1017,1.0757128810226155,1.189689252784034,0.5628948733842211,0.09537856440511308,0.28515240904621436,liraglutide,10.824168632711576,0.4879054754124491,0.0366594316892013,0.2247953961647981,0.029769609112089,0.0150142376391405,0,0.3297544260324047,0.19973213060195646,-0.6666217024517855,0.866353833053742,agreement
lisdexamfetamine,623,1.202247191011236,1.2538399338788693,0.4933021710943283,0.06902086677367576,0.21348314606741572,lisdexamfetamine,10.42972382000155,0.4157054125998225,0.0133825701624815,0.1248449039881831,0.0158936484490398,0.0220088626292466,0,0.22863776853622425,0.4572855123181102,-1.2210453779439527,1.678330890262063,agreement
lisinopril,390,1.0128205128205128,1.1246306818349223,0.7309769783100494,0.19487179487179487,0.4666666666666667,lisinopril,12.645017660878942,0.610154952514552,0.0821725717490885,0.3206732148555992,0.0450883747618571,0.0310045033573705,0,0.48332951709089866,-0.06146626466984387,0.17543210507157708,-0.23689836974142095,agreement
lithium,240,0.95,1.1379914036203544,0.6387555415369731,0.13333333333333333,0.49166666666666664,lithium,10.64134515786313,0.7819568648079958,0.0790140575690924,0.4042507411303433,0.0570909438653533,0.0310318446973319,0,0.5831215339570777,-0.00782538324382003,0.7225927623333465,-0.7304181455771664,agreement
livalo,41,1.5365853658536586,1.6266294555461396,1.007398346627031,0.43902439024390244,0.43902439024390244,livalo,9.034676602846297,0.6984619053296769,0.0820219360991893,0.3719599427753934,0.0511444921316165,0.0326657129232236,0,0.5413220718373388,1.9539680156856805,0.49340588060818047,1.4605621350775,agreement
lo loestrin fe,896,1.5357142857142858,1.5312739932204562,0.6621132442542152,0.30691964285714285,0.17633928571428573,lo loestrin fe,8.05579245097777,0.2508732931089235,0.0028562361155188,0.0783878133925737,0.0187242145350682,0.0177721358298952,0,0.14473199745346388,1.5711330813101474,-1.6811015857993759,3.2522346671095232,patient-worse-than-FAERS
loperamide,41,0.6341463414634146,0.8964612967843494,0.6447228027609677,0.07317073170731707,0.5853658536585366,loperamide,10.85199374877264,0.5671262629200845,0.0836238283368192,0.3318421256487722,0.0368541327755829,0.0140599581687194,0,0.45900804697580055,-0.9775250768435684,0.04207723369348633,-1.0196023105370546,agreement
loratadine,51,0.5098039215686274,0.7392053043286885,0.5287942159617733,0.0392156862745098,0.6666666666666666,loratadine,11.635435090458673,0.4479822255269051,0.0414218982235119,0.2066052091443131,0.0224626654398754,0.0202597494514827,0,0.3112711274216782,-1.6088794437942593,-0.7679658192840231,-0.8409136245102362,agreement
lorazepam,593,0.8026981450252951,1.0114180155991819,0.5970596939745525,0.11467116357504216,0.5446880269814502,lorazepam,12.08145568672378,0.7690956880338975,0.1439291822887758,0.4160427262326835,0.0723298936375066,0.0383822479979157,0,0.6674107403238331,-0.5159946429268387,1.1847513498038584,-1.7007459927306972,agreement
loryna,54,1.6296296296296295,1.6037246590327616,0.6459322548403311,0.2962962962962963,0.2037037037037037,loryna,5.877735781779639,0.3830985915492957,0.0140449438202247,0.1039325842696629,0.0308988764044943,0.0280898876404494,0,0.2253228358917549,1.8620094004557044,-1.2392211878081691,3.1012305882638733,patient-worse-than-FAERS
losartan,224,1.0401785714285714,1.173296458139454,0.7922614255331127,0.20982142857142858,0.49107142857142855,losartan,12.240362954963098,0.638292626327087,0.0736945346320346,0.306813350340136,0.0344484384662956,0.0306653911564625,0,0.46761352228278896,0.13391802505491637,0.0892611435180157,0.04465688153690067,agreement
lubiprostone,177,0.9209039548022598,1.09232994308614,0.6240259123832209,0.11299435028248588,0.423728813559322,lubiprostone,9.130864170474386,0.6717210007581501,0.102328099621007,0.3289658906334596,0.041797509474824,0.0264212236058473,0,0.5202602092691342,-0.1911478885388173,0.3779234710139353,-0.5690713595527526,agreement
lunesta,172,0.9651162790697675,1.0787376170256098,0.5576592714645091,0.11627906976744186,0.3430232558139535,lunesta,10.129865866360268,0.3993300634047135,0.0666267942583732,0.1835725677830941,0.0226076555023923,0.0179824561403508,0,0.3088859408714937,-0.24571861923928984,-0.7810438217282566,0.5353252024889668,agreement
lupron,53,1.1886792452830188,1.2898880233902117,0.6577240520754761,0.18867924528301888,0.33962264150943394,lupron,10.299945551484315,0.5701167210467893,0.1378405650857719,0.2193407332660612,0.0188698284561049,0.0180289270097544,0,0.44626205970455135,0.6020120717185888,-0.02780914591680981,0.6298212176353987,agreement
lupron depot,108,1.3796296296296295,1.3819886555810883,0.6521516466828726,0.24074074074074073,0.25925925925925924,lupron depot,10.299945551484315,0.5701167210467893,0.1378405650857719,0.2193407332660612,0.0188698284561049,0.0180289270097544,0,0.44626205970455135,0.9717794518012555,-0.02780914591680981,0.9995885977180653,agreement
lurasidone,466,1.1802575107296138,1.2457929914075512,0.6225292923035218,0.15879828326180256,0.3090128755364807,lurasidone,9.935761113086423,0.4441431407680015,0.0276930525296538,0.1447107237956911,0.0206729605422415,0.0197046719922536,0,0.26362299548627055,0.4249784937394692,-1.0292210179041148,1.454199511643584,agreement
lutera,279,1.3655913978494623,1.3808633454625805,0.6449225451057059,0.2114695340501792,0.23297491039426524,lutera,6.833031732786201,0.6019417475728155,0.0248112189859762,0.233009708737864,0.0463861920172599,0.0269687162891046,0,0.37788565264293394,0.9672615352093392,-0.40271769074764036,1.3699792259569796,agreement
lyrica,592,1.2550675675675675,1.3007430328162222,0.6495774552558592,0.19763513513513514,0.30574324324324326,lyrica,12.495719037442624,0.6665381491227742,0.0808151502675998,0.2843145327295183,0.045682847411954,0.034192896440735,0,0.48341516680726887,0.6455929712276169,0.1759017233494224,0.46969124787819455,agreement
lysine,49,0.7959183673469388,0.9074407399098198,0.6859161780018997,0.14285714285714285,0.5102040816326531,lysine,7.697121317282625,0.728759654702408,0.1031349386642435,0.2635165833711949,0.0626987732848705,0.0613357564743298,0,0.5466151749204906,-0.9334445985374271,0.5224280193812187,-1.4558726179186459,agreement
macrobid,317,1.5646687697160884,1.5492903179563982,0.8699377455768244,0.4037854889589905,0.31545741324921134,macrobid,8.657129031713755,0.6845217391304348,0.057391304347826,0.3342608695652174,0.0401739130434782,0.0368695652173913,0,0.4878260869565216,1.6434653665274872,0.20008684400121532,1.4433785225262719,agreement
magnesium citrate,214,1.1728971962616823,1.2264454563487754,0.565330794226907,0.1822429906542056,0.24299065420560748,magnesium citrate,8.675734219544788,0.7177997950119577,0.1649026971662683,0.3765790372140662,0.1589279617616934,0.1683168316831683,0,0.8134963058644613,0.3473016398508406,1.9857400117010977,-1.638438371850257,agreement
magnesium hydroxide,118,1.271186440677966,1.305716938696646,0.6967391566366007,0.2288135593220339,0.2966101694915254,magnesium hydroxide,9.825958350026893,0.7407387377643178,0.1283298211487545,0.3785054303776949,0.0444156265196952,0.0425784838169341,0,0.6051415975545072,0.6655623037113553,0.8433289980492011,-0.17776669433784587,agreement
maxalt,93,0.8387096774193549,1.0338651884537708,0.5147610732435565,0.053763440860215055,0.3763440860215054,maxalt,9.207034914967457,0.5825388861013547,0.0192655027092113,0.2068031306441902,0.0242825607064017,0.0333132651013445,0,0.34017406799777533,-0.4258733039168951,-0.6094906981365822,0.1836173942196871,agreement
maxalt-mlt,60,0.5333333333333333,0.7458095149792473,0.4715772870621632,0.016666666666666666,0.5333333333333333,maxalt-mlt,7.7458682297922685,0.6099567099567099,0.022501081782778,0.2120294244915621,0.0233665080051925,0.022501081782778,0,0.34594677066767066,-1.5823647325302785,-0.5778389098850993,-1.0045258226451792,agreement
meclizine,140,0.8928571428571429,1.0427289096857801,0.5528994093990341,0.07857142857142857,0.38571428571428573,meclizine,9.85854248649296,0.6182103610675039,0.0877092050209205,0.3015690376569038,0.018776150627615,0.0250523012552301,0,0.45651436355037667,-0.3902870663441648,0.028404341763789847,-0.4186914081079547,agreement
medroxyprogesterone,1273,1.5027494108405341,1.5149032864286658,0.6623904264248811,0.2922230950510605,0.24587588373919875,medroxyprogesterone,10.85284548811448,0.8170401331320871,0.0248258513931888,0.126702786377709,0.0138738390092879,0.0280959752321981,0,0.3640555383916384,1.5054076544970456,-0.4785483497661064,1.983956004263152,agreement
mefenamic acid,37,1.1081081081081081,1.072965295848498,0.5144834129151772,0.13513513513513514,0.35135135135135137,mefenamic acid,7.665753431861699,0.9479606188466948,0.040787623066104,0.3384903891233005,0.0773558368495077,0.0417252695733708,0,0.5855133614627284,-0.26889344473052806,0.7357071772048647,-1.0046006219353927,agreement
megestrol,54,1.3888888888888888,1.4369262597058234,0.5903301268247599,0.07407407407407407,0.2962962962962963,megestrol,8.240648863374913,0.7977824709609292,0.2498021630176734,0.4666314956475864,0.0466895278290688,0.0182010023740437,0,0.7725449760548311,1.192343995843922,1.7612034481758962,-0.5688594523319743,agreement
melatonin,131,1.0534351145038168,1.1430940948970478,0.577639731725979,0.16030534351145037,0.3511450381679389,melatonin,10.88019582596355,0.6561646158774426,0.08773746540395,0.3355675634966957,0.0447536384689247,0.0351702972906821,0,0.5127927507941479,0.01266099931263429,0.33697931921141516,-0.32431831989878085,agreement
meloxicam,318,1.1352201257861636,1.2229090016117494,0.6387631442440057,0.16352201257861634,0.3113207547169811,meloxicam,10.949665545244706,0.5779484385709014,0.0644079109143921,0.2397337267713492,0.0363051954895141,0.0402571398461376,0,0.4148834601552447,0.3331034137172682,-0.1998583307366365,0.5329617444539048,agreement
meperidine,66,0.8787878787878788,1.1747069218121433,0.5754357508116439,0.09090909090909091,0.45454545454545453,meperidine,9.112286431500795,0.6344180915609487,0.0813017098731384,0.1948152233866519,0.0275785990071704,0.0430226144511858,0,0.42121345835631535,0.13958078159138834,-0.16515088534239994,0.3047316669337883,agreement
mesalamine,236,0.6694915254237288,0.8502741189921491,0.6036167459671961,0.0635593220338983,0.5889830508474576,mesalamine,10.911390726912025,0.7501779619252742,0.0480509526242791,0.3110081027812249,0.0308416672749835,0.0232133732389225,0,0.46953108767970636,-1.1629582418433413,0.0997751743580452,-1.2627334162013866,agreement
metadate cd,34,1.0294117647058822,1.1270451688961003,0.4599987795669051,0.08823529411764706,0.2647058823529412,metadate cd,8.838261682885651,0.6143458690286047,0.0612304120719675,0.2373766686012768,0.0409170052234474,0.021329077190946,0,0.4118864652936074,-0.05177253582545364,-0.21629088445987296,0.16451834863441933,agreement
metaxalone,93,0.9247311827956989,1.0761562639740745,0.5494692315241149,0.07526881720430108,0.3548387096774194,metaxalone,8.101677747454572,0.6243546917704221,0.1827826614125492,0.2367384055774477,0.0209154289178538,0.019399818126705,0,0.5187704875553762,-0.25608228485405365,0.3697553114994323,-0.6258375963534859,agreement
metformin,344,0.9040697674418605,1.0105887131061984,0.5831082154902735,0.09302325581395349,0.44476744186046513,metformin,12.978954794108972,0.66797283598839,0.0820315836370813,0.3482833524546455,0.0605056798376727,0.0268190831465446,0,0.5237430127336404,-0.5193241424409247,0.3970197183150424,-0.9163438607559671,agreement
methadone,441,1.1224489795918366,1.2048046185137447,0.5054514743839686,0.07936507936507936,0.3424036281179138,methadone,10.72601690459581,0.869315935152234,0.3219181091292505,0.2558211053510236,0.050654599771549,0.0441964677972058,0,0.7820846496257158,0.26041759010328785,1.8135095767122866,-1.5530919866089987,agreement
methadose,32,1.46875,1.2991201730069688,0.5052347096894723,0.125,0.28125,methadose,9.271247306879705,0.8599792980144914,0.2806060035757975,0.2132304507386845,0.0415921708854803,0.0280417803707537,0,0.6981180013173991,0.6390774826187503,1.3531195784015377,-0.7140420957827874,agreement
methamphetamine,30,1.0333333333333334,1.1404327877140352,0.6002709860678296,0.06666666666666667,0.43333333333333335,methamphetamine,6.970730078143525,0.93796992481203,0.6983082706766918,0.1597744360902255,0.0112781954887218,0.0084586466165413,0,1.0745300751879698,0.001976332321225365,3.416990859973855,-3.41501452765263,FAERS-worse-than-patient
methocarbamol,171,0.9064327485380117,1.0250312732389375,0.5574918437345647,0.10526315789473684,0.4152046783625731,methocarbamol,9.994059250720516,0.62304,0.0781913678922128,0.2995204384562686,0.0233386617949303,0.0269924640328842,0,0.4524292413793103,-0.4613398757216531,0.006005574785137315,-0.4673454505067904,agreement
methotrexate,162,0.8271604938271605,1.0816234851759654,0.6092696201274428,0.1111111111111111,0.48148148148148145,methotrexate,13.091697963093443,0.7257590476249405,0.0762344323250821,0.2708357822969319,0.0508250171685237,0.0362364121188123,0,0.4954055399790178,-0.2341323805801515,0.24164506306231626,-0.47577744364246777,agreement
methylnaltrexone,33,1.0,1.1441186757869288,0.4989716593325077,0.09090909090909091,0.36363636363636365,methylnaltrexone,7.299797366758161,0.5963488843813387,0.2210953346855984,0.2251521298174442,0.0256930358350236,0.0148749154834347,0,0.5435429344151453,0.016774506270424677,0.5055828930178026,-0.4888083867473779,agreement
methylphenidate,594,0.9461279461279462,1.0814087102751586,0.4916911334080963,0.06060606060606061,0.3434343434343434,methylphenidate,11.193160875051593,0.5060680781893571,0.0371742093596398,0.1673940879238892,0.0237088846360369,0.0186834822596412,0,0.30473722206896986,-0.23499466296073554,-0.8037912896928262,0.5687966267320906,agreement
methylprednisolone,201,1.199004975124378,1.293245819557777,0.6894985612123478,0.19900497512437812,0.39303482587064675,methylprednisolone,12.02602450257155,0.8878963502251174,0.1611003023137478,0.4115178544703523,0.1006016342901613,0.0354874435032476,0,0.7385506525008615,0.6154930160096013,1.5748122216722542,-0.9593192056626529,agreement
metoclopramide,207,1.8695652173913044,1.7888124665953076,0.7764341227475657,0.463768115942029,0.2222222222222222,metoclopramide,11.235879956506654,0.8950048816529013,0.1290352370021503,0.4423688341842456,0.0704476194245458,0.1908286170367145,0,0.8086592460554802,2.605103471143603,1.959218362901818,0.6458851082417849,agreement
metoprolol,289,0.7577854671280276,0.9116055409346909,0.6277449529435375,0.08304498269896193,0.5605536332179931,metoprolol,12.759719224562463,0.6872057948176754,0.109262005771508,0.3864266087216454,0.0419296611825843,0.0210338127594016,0,0.5569044464552819,-0.9167236757066198,0.5788442012815295,-1.4955678769881493,agreement
metronidazole,1205,1.3867219917012448,1.4287575370806738,0.7495778827892442,0.26556016597510373,0.31784232365145226,metronidazole,11.092945524503817,0.8310221478042469,0.1041321056236207,0.4182786698120386,0.0792329350886538,0.0380792938132562,0,0.6526199386111164,1.1595480519739207,1.1036532315304182,0.05589482044350258,agreement
miconazole,1341,1.464578672632364,1.4711251232220437,0.6056859638780921,0.24683072334079045,0.23862788963460105,miconazole,9.034318927730707,0.4086136960152708,0.051520572450805,0.1957066189624329,0.0348240906380441,0.0207513416815742,0,0.31434320242413993,1.329646247341932,-0.7511216003746234,2.0807678477165554,patient-worse-than-FAERS
midazolam,34,1.0588235294117647,1.251135497926106,0.742670184440417,0.23529411764705882,0.5,midazolam,10.263885557274984,0.9268301189272138,0.1916518464274505,0.4624960769955016,0.1676953656240192,0.0197719426718275,0,0.8489455729728601,0.4464276911168166,2.1801087087131052,-1.7336810175962887,agreement
milnacipran,283,1.028268551236749,1.1218228333041824,0.6709698601717117,0.16607773851590105,0.4381625441696113,milnacipran,8.691986481789401,0.4237487403426268,0.024521330198186,0.1543500167954316,0.0268726906281491,0.0290560967416862,0,0.2706583809203894,-0.07273926866756784,-0.9906459270390358,0.9179066583714679,agreement
minocycline,370,1.172972972972973,1.2582004470597414,0.6561628419761493,0.17027027027027028,0.2891891891891892,minocycline,9.69793830962287,0.7698402948402948,0.1652029724252287,0.3425044524964687,0.1216606276484677,0.101885401952957,0,0.7360555706113956,0.4747921840569688,1.5611316619497981,-1.0863394778928293,agreement
minoxidil,73,0.6986301369863014,0.9132290697197933,0.4167639141307815,0.0136986301369863,0.4246575342465753,minoxidil,10.693988278351984,0.1034701890560813,0.0101385833201025,0.0464968586268683,0.0056703486130327,0.0065322416022137,0,0.07353691736233679,-0.9102055012807164,-2.071464943909516,1.1612594426287997,agreement
mirabegron,127,1.0078740157480315,1.1610413249684868,0.7005126792855688,0.1732283464566929,0.4094488188976378,mirabegron,10.535530308692785,0.4793173117822203,0.0804719889444031,0.1983363452747953,0.0460827043690868,0.0486339959604549,0,0.3943453157840547,0.08471588194908827,-0.3124691880574894,0.39718507000657766,agreement
miralax,109,0.9174311926605505,1.0312021847300512,0.5350916437826664,0.09174311926605505,0.3394495412844037,miralax,11.390045713093464,0.3884464855326561,0.0628816319146049,0.2162128544936451,0.0197883214980324,0.0164299606495092,0,0.31485363447430664,-0.43656478221239087,-0.7483228961813689,0.31175811396897807,agreement
mirena,1647,1.3096539162112932,1.390031227401303,0.5907815719910681,0.20279295689131754,0.2143290831815422,mirena,11.818209214992564,0.4193614951507826,0.0018275607958732,0.0742520265291083,0.0133308769344141,0.0143330876934414,0,0.18545988553860238,1.004068923006232,-1.4577901555530874,2.4618590785593195,patient-worse-than-FAERS
mirtazapine,720,1.4305555555555556,1.4449592045062774,0.6063585305717438,0.18888888888888888,0.20555555555555555,mirtazapine,11.400316520587577,0.8382871536523929,0.1541483396568512,0.40994303237865,0.0662234608109771,0.0435819091427995,0,0.6940921069906354,1.22459481630579,1.3310455583037935,-0.10645074199800342,agreement
mirvaso,83,1.2048192771084338,1.3377379862505214,0.7529199190288721,0.2289156626506024,0.42168674698795183,mirvaso,8.284251797621916,0.4508466009603235,0.0452020202020202,0.1757575757575757,0.0131313131313131,0.0232323232323232,0,0.2951024651365818,0.7941210180202878,-0.8566187612805812,1.650739779300869,agreement
modafinil,277,0.5884476534296029,0.7836425623574403,0.5144651908039014,0.05415162454873646,0.5776173285198556,modafinil,10.369294889650456,0.5803829252981796,0.0332967205397771,0.2128353993409697,0.0143103718813745,0.0214027930331084,0,0.3402595504279913,-1.4304718901382194,-0.6090219970904452,-0.8214498930477742,agreement
mometasone,105,0.7428571428571429,0.8927692684867188,0.5706717352589371,0.0761904761904762,0.5238095238095238,mometasone,11.086149893352006,0.5137654056042675,0.0362856267238737,0.2255746245786086,0.0234140361630401,0.0279190928593319,0,0.3414771546264227,-0.9923479026845095,-0.602345860717815,-0.3900020419666944,agreement
monistat 3-day combination pack,127,1.141732283464567,1.2155796544477298,0.630458439243999,0.1889763779527559,0.36220472440944884,monistat 3-day combination pack,8.005033344637111,0.3072812291249165,0.0287145242070116,0.1125208681135225,0.0203672787979966,0.0136894824707846,0,0.2030357877691943,0.30367741050657204,-1.3614213024277373,1.6650987129343093,agreement
monistat 7,88,1.1477272727272727,1.2393214792917482,0.6634966060340758,0.22727272727272727,0.4090909090909091,monistat 7,8.065893546964274,0.2894406033940918,0.0270185359723531,0.1058749607288721,0.0191643103989946,0.0128809299403078,0,0.19113629663242782,0.39899654309146104,-1.4266663350058932,1.8256628780973543,agreement
monistat 7-day combination pack,101,1.2475247524752475,1.3548555082386933,0.6140523466026112,0.2079207920792079,0.31683168316831684,monistat 7-day combination pack,7.825644732219989,0.3105515587529976,0.0335597283260087,0.1274470635237714,0.0227726727926488,0.0123851378345984,0,0.2173364624321316,0.8628447727710259,-1.2830105558210971,2.145855328592123,patient-worse-than-FAERS
montelukast,244,0.9344262295081968,1.11375445237353,0.727451996766229,0.18032786885245902,0.5,montelukast,12.051346800327018,0.6253036531813511,0.0429466114901738,0.2729777212264123,0.0322187137028757,0.0341389957333551,0,0.4166988360334344,-0.10513235878287967,-0.18990460608129206,0.08477224729841239,agreement
morphine,276,0.9347826086956522,1.1143701641651365,0.5050206731700506,0.07608695652173914,0.44565217391304346,morphine,12.152935547117044,0.8611537386553603,0.2854483809563984,0.2715648382010978,0.0500187187910297,0.0598104920141946,0,0.7614592410963154,-0.10266038730285286,1.7004202491123348,-1.8030806364151877,agreement
movantik,135,1.348148148148148,1.3091293556694723,0.70676940788243,0.2074074074074074,0.2962962962962963,movantik,8.252967195000798,0.4680573663624511,0.0737363210005211,0.2251172485669619,0.0231891610213652,0.0083376758728504,0,0.3510998571208248,0.6792625406562715,-0.5495844837378097,1.228847024394081,agreement
moviprep,196,1.0459183673469388,1.1375181465851598,0.624845705252201,0.18877551020408162,0.45408163265306123,moviprep,7.738052297689316,0.814217182730048,0.1059747056258177,0.4230266027038813,0.0972525076319232,0.0540776275621456,0,0.6774095071958132,-0.009725424642525472,1.2395746916430794,-1.249300116285605,agreement
moxifloxacin,166,1.2228915662650603,1.3581681198028865,0.7689575806614215,0.22289156626506024,0.3795180722891566,moxifloxacin,9.886493976159556,0.8515768056968464,0.1314210151561387,0.3413182789136405,0.0890041704811311,0.0536567999186247,0,0.6663162926499551,0.8761443090520008,1.1787504819250105,-0.3026061728730097,agreement
ms contin,78,1.0128205128205128,1.1080711512521757,0.5290885283666606,0.0641025641025641,0.41025641025641024,ms contin,11.692000089513536,0.8566746101425645,0.2895242872669509,0.1896831368614664,0.027731795000418,0.0760053507231836,0,0.7167574202470164,-0.12794978485123484,1.4553197045517425,-1.5832694894029773,agreement
mucinex,76,0.7368421052631579,0.9291779830601619,0.623178454943885,0.06578947368421052,0.5131578947368421,mucinex,10.626339155802404,0.4727767254359123,0.0793593010556971,0.2283218056061157,0.0230797233345467,0.0158233224123286,0,0.36489332584579603,-0.8461734988856476,-0.47395475251796904,-0.3722187463676786,agreement
mucinex d,157,0.8662420382165605,0.9635922528594948,0.5191118135133095,0.08917197452229299,0.39490445859872614,mucinex d,7.501634457883413,0.3814262023217247,0.0314917127071823,0.1171270718232044,0.005524861878453,0.0093922651933701,0,0.21547758445342335,-0.708006430121293,-1.2932028029420606,0.5851963728207675,agreement
multivitamin,48,1.2291666666666667,1.388455201811272,0.7637673329729481,0.22916666666666666,0.3333333333333333,multivitamin,10.810576073645484,0.4812175773601663,0.0465473042530429,0.2360670959407359,0.0236168022446054,0.0407944934498698,0,0.3563957126420539,0.9977414653166774,-0.5205472533184179,1.5182887186350953,agreement
mycophenolate mofetil,41,0.6585365853658537,0.9171608320994927,0.6511652485043581,0.0975609756097561,0.6585365853658537,mycophenolate mofetil,11.78856278980848,0.91380920917728,0.1786299872472217,0.3832437602477682,0.0901955426003522,0.0310469423695876,0,0.7382839238632828,-0.8944201864607705,1.573349745802628,-2.4677699322633986,FAERS-worse-than-patient
myrbetriq,102,1.0392156862745099,1.190642902194633,0.7175539757260844,0.18627450980392157,0.4019607843137255,myrbetriq,10.535530308692785,0.4793173117822203,0.0804719889444031,0.1983363452747953,0.0460827043690868,0.0486339959604549,0,0.3943453157840547,0.2035608604997467,-0.3124691880574894,0.5160300485572361,agreement
nabumetone,52,0.8269230769230769,1.033353244879478,0.6309222974304941,0.09615384615384616,0.5,nabumetone,8.756525002926972,0.5331548275318948,0.0569988978113682,0.237757833412061,0.0207841284837033,0.0286569044245,0,0.3725113986610798,-0.42792866477287816,-0.4321847807348716,0.004256115961993434,agreement
naloxegol,138,1.3695652173913044,1.324966686481827,0.71028001627732,0.21739130434782608,0.2898550724637681,naloxegol,8.252967195000798,0.4680573663624511,0.0737363210005211,0.2251172485669619,0.0231891610213652,0.0083376758728504,0,0.3510998571208248,0.7428465593832027,-0.5495844837378097,1.2924310431210122,agreement
naltrexone,233,0.703862660944206,0.8642639227665617,0.555281039466985,0.06437768240343347,0.4721030042918455,naltrexone,10.59588445170537,0.3051806595387735,0.0352773399384523,0.1200680527408741,0.0112837449022992,0.008681728339463,0,0.20196976992998486,-1.10679171001309,-1.367266289230006,0.2604745792169161,agreement
naproxen,399,0.9699248120300752,1.0582198439581125,0.5997936266598822,0.13784461152882205,0.3558897243107769,naproxen,11.87496797770297,0.5993133991615949,0.0775770234986945,0.2491279373368146,0.0598990426457789,0.0601288076588337,0,0.47194441139338694,-0.32809376707297316,0.11300745315980183,-0.441101220232775,agreement
naratriptan,30,1.0666666666666667,1.1332369037291385,0.69055521613152,0.13333333333333333,0.36666666666666664,naratriptan,7.206377291472252,0.5638930163447251,0.0148478099480326,0.2026726057906459,0.028210838901262,0.0452858203414996,0,0.3396207631068324,-0.026913840364664626,-0.6125244745578009,0.5856106341931363,agreement
nardil,35,1.6285714285714286,1.490469656564343,0.552263713258859,0.22857142857142856,0.17142857142857143,nardil,7.352441100243583,0.5715202052597819,0.0262989095574085,0.2116741500962155,0.0442591404746632,0.0538806927517639,0,0.3767158434894161,1.4073110498818253,-0.4091317663962765,1.816442816278102,agreement
nasacort,40,0.875,1.0668891612045461,0.7157837704461176,0.2,0.575,nasacort,10.193766250835177,0.4734044544263522,0.1057789414625023,0.2195249672713671,0.081615859360389,0.0812418178417804,0,0.479724721403649,-0.2932880263406443,0.15566697315551514,-0.44895499949615947,agreement
nasonex,37,1.135135135135135,1.235130837799915,0.7751519078474398,0.2702702702702703,0.43243243243243246,nasonex,10.365585010210769,0.6516368906954029,0.0403502693167858,0.2895391690553438,0.0314360412007433,0.035152927835701,0,0.4303668034986639,0.38217187545954495,-0.11496299956244369,0.4971348750219886,agreement
natalizumab,76,0.5,0.6727004952168975,0.565407449937477,0.06578947368421052,0.7105263157894737,natalizumab,12.101828173530544,0.3122491019028001,0.0281243063263041,0.191354051054384,0.0058213096559378,0.0038568257491675,0,0.2248328881735036,-1.8758842237093403,-1.2419075761983525,-0.6339766475109878,agreement
natazia,42,1.2380952380952381,1.3088579801152447,0.6662976715743806,0.23809523809523808,0.2857142857142857,natazia,5.739792912179234,0.1935483870967742,0.0,0.0580645161290322,0.0129032258064516,0.0129032258064516,0,0.10645161290322575,0.6781730168895153,-1.89099332893179,2.569166345821305,patient-worse-than-FAERS
nebivolol,147,0.8775510204081632,1.0948130668607825,0.6441209108635003,0.09523809523809523,0.4897959183673469,nebivolol,10.405413693115086,0.7024555666575832,0.0711323667403214,0.3913188243484577,0.0515785331597905,0.0231861246481218,0,0.5350215626933429,-0.1811785957041313,0.4588601240178958,-0.6400387197220271,agreement
nefazodone,32,0.71875,0.9110714899519389,0.6245594647993086,0.09375,0.625,nefazodone,4.804021044733257,0.396694214876033,0.0330578512396694,0.1735537190082644,0.0330578512396694,0.0165289256198347,0,0.27685950413223137,-0.9188677938090183,-0.9566451045393494,0.03777731073033108,agreement
neupro,37,0.7027027027027027,1.0145451375286818,0.6569053602684067,0.10810810810810811,0.6486486486486487,neupro,9.552084402526496,0.6287178027607798,0.1458111276913238,0.2863639593547928,0.0157038300291338,0.0176934555531869,0,0.502556931107492,-0.5034398139798036,0.28085621434548147,-0.7842960283252851,agreement
neurontin,175,0.6628571428571428,0.8416110021394729,0.5476733511129871,0.045714285714285714,0.5485714285714286,neurontin,12.775910297464447,0.6370676361990182,0.095346370848004,0.2958950211400048,0.0296780214652356,0.027169501831191,0,0.47717524073173406,-1.197739089116194,0.1416881443480783,-1.3394272334642725,agreement
nexium,101,0.5445544554455446,0.6982511637469115,0.6952185194529417,0.10891089108910891,0.7425742574257426,nexium,12.149629270106962,0.672240183291091,0.0787734825920655,0.2638250371647894,0.028880083376097,0.02707077974638,0,0.45441166868513105,-1.7733029108892113,0.01687524414036399,-1.7901781550295752,agreement
nexplanon,2883,1.5012140131807146,1.5229230630239692,0.6076813378183967,0.27297953520638224,0.1383975026014568,nexplanon,10.761831324455434,0.2823501981813943,0.0020557816208884,0.0351814174296371,0.0084138691081722,0.014771956595456,0,0.12142301469348218,1.5376056069969566,-1.808904978571341,3.3465105855682973,patient-worse-than-FAERS
next choice,44,1.1136363636363635,1.1822716783794764,0.6316135686740253,0.22727272727272727,0.36363636363636365,next choice,8.109525659752872,0.7240445380680108,0.0165413533834586,0.1906766917293233,0.0390977443609022,0.0297744360902255,0,0.3812133614204031,0.16995191097808765,-0.38447182921447337,0.554423740192561,agreement
niacin,58,1.4137931034482758,1.35934490363634,0.7122572741768342,0.27586206896551724,0.3275862068965517,niacin,9.408371222475315,0.5629155380448165,0.0644023299696447,0.275248174583641,0.0314217737304126,0.0339650504553285,0,0.41981403297797015,0.8808688832994168,-0.17282394911894405,1.0536928324183608,agreement
nicoderm cq,41,0.7560975609756098,1.0253270310587794,0.3084007726875057,0.024390243902439025,0.36585365853658536,nicoderm cq,10.338964434712263,0.4058041347180433,0.0557694173972115,0.1729369520913531,0.0208003105489599,0.0119367256494031,0,0.28897509025205115,-0.46015246156845535,-0.890215220941327,0.43006275937287164,agreement
nicotine,114,0.7719298245614035,0.9068265663901753,0.40244038027689794,0.05263157894736842,0.35964912280701755,nicotine,11.004413828535968,0.2871234426202239,0.0326748478499451,0.1091988426618776,0.013020053876085,0.0082643253849479,0,0.1896123728372826,-0.9359103941337528,-1.4350220248852417,0.4991116307514889,agreement
nifedipine,62,0.7741935483870968,0.986346780627309,0.6022108249287098,0.06451612903225806,0.5645161290322581,nifedipine,10.74041034902671,0.7734144862242246,0.1125714533171661,0.4104018707777585,0.0584618049540966,0.0255716265373289,0,0.6144663171127203,-0.6166511167257743,0.8944565315180901,-1.5111076482438643,agreement
nitrofurantoin,665,1.7082706766917293,1.666796806517057,0.7802767160375264,0.38345864661654133,0.23909774436090225,nitrofurantoin,10.110420417802356,0.7566270938363961,0.0630158149367809,0.3395536040980607,0.0462658047729397,0.0457779403992356,0,0.5288379472345468,2.1152326647990054,0.42495529670865234,1.6902773680903531,agreement
nora-be,87,1.5172413793103448,1.52941324675736,0.7117571302650447,0.3103448275862069,0.25287356321839083,nora-be,8.005367067316664,0.5223631508678238,0.0166889185580774,0.2132843791722296,0.0437249666221628,0.020694259012016,0,0.32950600801068075,1.5636625208124604,-0.6679837810259104,2.2316463018383708,patient-worse-than-FAERS
norethindrone,552,1.443840579710145,1.4527479113633435,0.6771558298329875,0.25905797101449274,0.24456521739130435,norethindrone,9.795790977080754,0.3962316740063549,0.0100796346828534,0.1368268641755304,0.0238904048560449,0.0231107646043325,0,0.23265242808039371,1.2558650656000672,-1.1990329582749955,2.454898023875063,patient-worse-than-FAERS
nortriptyline,327,1.0642201834862386,1.1909345437691017,0.5417719339767634,0.09480122324159021,0.30275229357798167,nortriptyline,8.634086942887738,0.7147943742211145,0.1226196832176543,0.2589428723972237,0.0183306638191849,0.0231357892863498,0,0.4973890152383933,0.20473174867227284,0.2525204783576871,-0.047788729685414255,agreement
norvasc,64,0.890625,1.1134453181418553,0.7787466291206951,0.1875,0.578125,norvasc,11.872458321184482,0.6921642442571083,0.0904198513244686,0.3702160332251422,0.0429763026559173,0.0289114577880152,0,0.5377962037905166,-0.10637347681020604,0.47407350975826984,-0.5804469865684758,agreement
nucynta,206,1.2766990291262137,1.2872443988963154,0.553735672347894,0.07766990291262135,0.2669902912621359,nucynta,10.32236234755421,0.8913300881462966,0.6545520326272859,0.1114984870411787,0.0075976845151953,0.0044402052361531,0,0.9868865938692277,0.5913983975257288,2.936440748361418,-2.3450423508356892,FAERS-worse-than-patient
nucynta er,55,1.290909090909091,1.27032195530395,0.46111685722781487,0.03636363636363636,0.2545454545454545,nucynta er,10.32236234755421,0.8913300881462966,0.6545520326272859,0.1114984870411787,0.0075976845151953,0.0044402052361531,0,0.9868865938692277,0.5234578472504885,2.936440748361418,-2.4129829011109294,FAERS-worse-than-patient
nuvaring,824,1.5412621359223302,1.5363561151828242,0.6466897205971178,0.2633495145631068,0.20509708737864077,nuvaring,9.960859832393998,0.4895656279508971,0.0131728045325779,0.2832389046270066,0.0352219074598678,0.0496694995278564,0,0.36460812086874406,1.5915368817899398,-0.47551853434740493,2.067055416137345,patient-worse-than-FAERS
nuvigil,219,0.9954337899543378,1.0929489855879404,0.5585105704376234,0.0776255707762557,0.3515981735159817,nuvigil,9.945636666044289,0.4597535835850233,0.0154841802492809,0.1205656759348034,0.0067114093959731,0.011025886864813,0,0.22678034161433713,-0.18866254485978395,-1.2312296689054063,1.0425671240456222,agreement
ocella,122,1.7377049180327868,1.6407452277967571,0.630850389453509,0.30327868852459017,0.1721311475409836,ocella,9.072915696064513,0.8773379231210556,0.0106712564543889,0.5074010327022376,0.0472748135398737,0.0314400458978772,0,0.5874010327022374,2.010640288164083,0.7460572980716368,1.2645829900924461,agreement
olanzapine,366,1.1775956284153006,1.2804056701340407,0.6624452660903424,0.15027322404371585,0.3879781420765027,olanzapine,11.58411059836075,0.852763650589616,0.1220093688592529,0.4362014211609563,0.0793000363206273,0.0326419996833586,0,0.6822286034514687,0.5639421384603022,1.2659978460942838,-0.7020557076339816,agreement
olmesartan,99,0.6666666666666666,0.897234685885813,0.6112301592203331,0.0707070707070707,0.5757575757575758,olmesartan,10.671950903655498,0.6417522784722062,0.0432665553700612,0.367672973474309,0.0292153589315525,0.0210304210721572,0,0.4577223075446296,-0.9744200594834267,0.03502751113731968,-1.0094475706207464,agreement
olopatadine,57,0.5789473684210527,0.793087435564144,0.5679284867278451,0.07017543859649122,0.631578947368421,olopatadine,9.231024963169016,0.3125918667319941,0.0327194357366771,0.1565438871473354,0.0240987460815047,0.0122452978056426,0,0.2326196446590966,-1.392552432499559,-1.1992127101119412,-0.19333972238761787,agreement
omalizumab,102,0.7647058823529411,0.9330757996632432,0.6212548165102001,0.11764705882352941,0.5686274509803921,omalizumab,11.316886249848029,0.5337396338410054,0.029441463800382,0.1872574424857354,0.0245386084650291,0.0103288441183984,0,0.3100531528504535,-0.8305244702190793,-0.774643986414497,-0.055880483804582215,agreement
omeprazole,120,0.45,0.7262862396077777,0.6163631687447498,0.075,0.75,omeprazole,12.999718793549416,0.7184078206604224,0.0880082661071519,0.3365522012806135,0.042585374235792,0.0330169482328256,0,0.5289868760971969,-1.6607471519883708,0.42577187519791293,-2.0865190271862835,FAERS-worse-than-patient
onabotulinumtoxina,219,1.1232876712328768,1.1840233178306354,0.6106167119969715,0.1735159817351598,0.2420091324200913,onabotulinumtoxina,11.230615602986802,0.191378738643146,0.0267098126069254,0.0600904473296818,0.0068697531928437,0.0144689203347346,0,0.12979270465329928,0.17698442655694005,-1.7630138822361305,1.9399983087930706,agreement
ondansetron,279,0.9354838709677419,1.066332908390068,0.6747761852094889,0.11827956989247312,0.5089605734767025,ondansetron,11.68227997853976,0.7972485359608575,0.1253155259892109,0.4449444083307303,0.0797784775396148,0.0228698302280229,0,0.6667939541341411,-0.29552128078179685,1.1813695047671517,-1.4768907855489486,agreement
oracea,38,0.6578947368421053,0.8810651712666498,0.6141331227467276,0.10526315789473684,0.631578947368421,oracea,10.828500138222152,0.7706130868556241,0.092451969784087,0.3421099589587009,0.0713563455399805,0.061918829430775,0,0.5951191323536515,-1.0393377361128886,0.7883757180284423,-1.827713454141331,agreement
orlistat,205,0.9219512195121952,1.0778015267939636,0.5287180964902228,0.1073170731707317,0.4,orlistat,10.15354563639122,0.2550042838227276,0.0089170982438378,0.0824344846384486,0.0103189128149215,0.0124995132588294,0,0.14364041524299817,-0.24947685220949825,-1.687086742312793,1.4376098901032948,agreement
orphenadrine,33,1.3333333333333333,1.2944047096204159,0.6023840246263342,0.21212121212121213,0.2727272727272727,orphenadrine,6.601230118728877,0.6884353741496598,0.0979591836734693,0.2843537414965986,0.0326530612244898,0.0299319727891156,0,0.4937414965986393,0.6201457500036278,0.23252109605260063,0.3876246539510272,agreement
oseltamivir,253,1.2292490118577075,1.2726532903174976,0.730844572780656,0.19367588932806323,0.35177865612648224,oseltamivir,10.087058328730514,0.6541071651609143,0.1116151317158433,0.268800199758625,0.0529360356236214,0.0241375005202047,0,0.5014924600064705,0.5328177356632838,0.27501970832464295,0.2577980273386409,agreement
otezla,188,1.3138297872340425,1.3330112499080684,0.7321867789733082,0.28191489361702127,0.3191489361702128,otezla,11.87778383316698,0.2322177475350645,0.039387627577588,0.077414427549816,0.0292022495313476,0.032937582448101,0,0.19417827295176412,0.7751440265261564,-1.409987147486366,2.1851311740125228,patient-worse-than-FAERS
oxazepam,41,0.43902439024390244,0.8017851223769322,0.35635365078786646,0.0,0.6829268292682927,oxazepam,9.944245545008297,0.976717392347943,0.2273534635879218,0.4931592338341894,0.1203014737650616,0.0198742259133022,0,0.8771014353607602,-1.3576327930894958,2.3344875924528186,-3.6921203855423146,FAERS-worse-than-patient
oxcarbazepine,174,0.9540229885057471,1.1016406188683268,0.5843899782520545,0.10344827586206896,0.41954022988505746,oxcarbazepine,10.369137970290993,0.7571334400602693,0.0681104833647206,0.3042686754551161,0.0444758317639673,0.0220652856246076,0,0.4984112184587586,-0.15376720928741705,0.25812522915313596,-0.411892438440553,agreement
oxybutynin,213,0.9436619718309859,1.0456209789740107,0.5458602226828261,0.07981220657276995,0.38497652582159625,oxybutynin,10.523095829761203,0.493095372688363,0.059387024728897,0.2491456556252186,0.020235180152302,0.0191588407824987,0,0.3614877970176059,-0.3786759312380531,-0.49262730219150846,0.11395137095345537,agreement
oxycodone,641,0.9235569422776911,1.0967687992840105,0.4537879981164876,0.057722308892355696,0.42745709828393136,oxycodone,12.870256921266437,0.8416187916975537,0.2180168819805445,0.2323408307169694,0.0359308250553296,0.0858947964383138,0,0.6755439523993787,-0.17332668375654559,1.2293458354616902,-1.4026725192182359,agreement
oxycontin,250,0.964,1.1409489624584954,0.44099924384514616,0.072,0.416,oxycontin,12.2536954619476,0.906952238820203,0.2435996452987785,0.1630052347035098,0.0267074763770893,0.1257568389637385,0,0.7065837026728827,0.00404868056014216,1.3995371062089965,-1.3954884256488544,agreement
oxymetazoline,90,0.8444444444444444,1.0518785528113062,0.5841954714631423,0.12222222222222222,0.4666666666666667,oxymetazoline,8.936298185228436,0.4552631578947368,0.0292028413575374,0.1340436727177058,0.0193370165745856,0.0192054722441462,0,0.26171706891538216,-0.3535529040834168,-1.0396712329410394,0.6861183288576226,agreement
oxymorphone,188,1.5212765957446808,1.364076303503555,0.4601290706413304,0.031914893617021274,0.14893617021276595,oxymorphone,9.358329249689632,0.9838709677419356,0.4930136277384854,0.0636536139382439,0.0021562877350353,0.0041400724512678,0,0.8246248059341037,0.8998645980019795,2.0467576923098445,-1.146893094307865,agreement
oxytrol,55,0.8363636363636363,1.0016007297415643,0.5101177415195292,0.07272727272727272,0.45454545454545453,oxytrol,10.267123214370452,0.4738379167680701,0.0583246437261035,0.2366006256517205,0.021724018074383,0.0199165797705943,0,0.3500971518813072,-0.5554092700009561,-0.5550823269032605,-0.0003269430976955423,agreement
paliperidone,135,1.1481481481481481,1.2716985294097793,0.7157591816020741,0.15555555555555556,0.37777777777777777,paliperidone,10.863661189560236,0.4481547584777477,0.0364457716013935,0.2020405038091956,0.0205198882125492,0.0159641667623751,0,0.29950327835301754,0.5289845433055954,-0.8324890570456189,1.3614736003512142,agreement
pantoprazole,121,1.0165289256198347,1.1137327966228177,0.8347841026479117,0.24793388429752067,0.5867768595041323,pantoprazole,12.687010032797112,0.8136304460091719,0.1102816853519289,0.4228464037438527,0.0610107042288349,0.0364339431930934,0,0.6401063446448401,-0.10521930270513277,1.0350410668070973,-1.14026036951223,agreement
paragard,508,1.4074803149606299,1.4297548876762445,0.5814900820269425,0.2106299212598425,0.1830708661417323,paragard,10.662164949840967,0.4526552402360213,0.0012878149292872,0.0171630607848646,0.0033249039992507,0.0054556523367987,0,0.1521447972276855,1.1635522342251758,-1.6404571282166407,2.8040093624418168,patient-worse-than-FAERS
parnate,46,1.0434782608695652,1.17868427829814,0.7639608342384883,0.1956521739130435,0.4782608695652174,parnate,6.673297967767654,0.6265822784810127,0.050632911392405,0.2632911392405063,0.0594936708860759,0.0278481012658227,0,0.43734177215189857,0.15554914850155008,-0.07671917452980664,0.23226832303135672,agreement
paroxetine,850,1.2094117647058824,1.2714681664110494,0.6447489100875627,0.17058823529411765,0.31529411764705884,paroxetine,11.411202768860358,0.6816727377406747,0.0879471254442193,0.3075713795432152,0.0453463526963145,0.0323048479413685,0,0.5051251122540388,0.5280596775312562,0.29493757804811316,0.233122099483143,agreement
paxil,598,1.382943143812709,1.4109903926364462,0.6287034572563546,0.21237458193979933,0.22408026755852842,paxil,10.97110784576512,0.6051373749183315,0.0630759180305322,0.2590083894925045,0.0349848714069591,0.0332485215238619,0,0.4253831874445545,1.0882161805587849,-0.14228821776465214,1.230504398323437,agreement
paxil cr,31,1.4516129032258065,1.4510503730107225,0.598648279735007,0.22580645161290322,0.16129032258064516,paxil cr,10.97110784576512,0.6051373749183315,0.0630759180305322,0.2590083894925045,0.0349848714069591,0.0332485215238619,0,0.4253831874445545,1.2490497561466247,-0.14228821776465214,1.3913379739112768,agreement
pazopanib,54,1.0925925925925926,1.2367547387247197,0.5776328809565968,0.1111111111111111,0.35185185185185186,pazopanib,10.196269100532607,0.6673382583389299,0.2584508618759794,0.2239385120513394,0.0303708678456831,0.0124244459368703,0,0.6036154018356837,0.3886915439590445,0.8349608511889026,-0.44626930722985814,agreement
penciclovir,36,0.3055555555555556,0.6204971916476077,0.3847847704886075,0.027777777777777776,0.75,penciclovir,5.872117789475416,0.5988700564971752,0.0677966101694915,0.2570621468926554,0.019774011299435,0.03954802259887,0,0.41949152542372875,-2.0854710455725294,-0.1745922613636725,-1.9108787842088568,agreement
pentasa,52,0.7307692307692307,0.9558554496192588,0.6321158893083388,0.07692307692307693,0.5576923076923077,pentasa,10.647494183386884,0.8375436678628294,0.0565271111533526,0.3427267975098607,0.0366392624625766,0.0266596968112911,0,0.5271268080050968,-0.7390682957817605,0.4155731026729532,-1.1546413984547137,agreement
pentosan polysulfate sodium,62,0.5,0.7995871060952616,0.5636832424842094,0.04838709677419355,0.6612903225806451,pentosan polysulfate sodium,8.832733591996416,0.7007150153217568,0.0160490224686314,0.0925007295010213,0.0105048147067405,0.0172162241027137,0,0.2929691004529611,-1.3664574309070514,-0.8683160218343416,-0.49814140907270976,agreement
percocet,190,1.3368421052631578,1.263891934794611,0.41358972917451153,0.021052631578947368,0.2,percocet,11.372283135167764,0.8374641693623586,0.3062420147561551,0.1910818494688014,0.0162985301396194,0.0179675180423347,0,0.6786382770405932,0.49764247789788124,1.246312049369749,-0.7486695714718679,agreement
phenazopyridine,92,0.9891304347826086,1.0477726387352706,0.6351579630699548,0.14130434782608695,0.43478260869565216,phenazopyridine,8.24117615049496,0.6967537608867775,0.0703928288953335,0.3329818085947799,0.0432375428420775,0.0253097811758502,0,0.49821674255551385,-0.3700374064654819,0.25705891577073725,-0.6270963222362191,agreement
phenelzine,38,1.605263157894737,1.502806912745962,0.5345144377157853,0.21052631578947367,0.18421052631578946,phenelzine,7.352441100243583,0.5715202052597819,0.0262989095574085,0.2116741500962155,0.0442591404746632,0.0538806927517639,0,0.3767158434894161,1.4568429020219007,-0.4091317663962765,1.8659746684181773,agreement
phenergan,79,1.0886075949367089,1.2578126752109735,0.6364733665833386,0.1518987341772152,0.4050632911392405,phenergan,9.795679599901822,0.7237670660351073,0.0974101921470342,0.3977722082985241,0.0458925090504037,0.0320245057087162,0,0.5725575773432527,0.473235350220133,0.6646704793128873,-0.19143512909275423,agreement
phentermine,2077,0.8661531054405393,1.0396023113205828,0.4707632406659907,0.06644198363023592,0.35869041887337505,phentermine,9.392911897525345,0.3671445240873479,0.035577403766039,0.1446425595734044,0.0167472087985335,0.0169971671388102,0,0.2433378248149395,-0.4028397932752216,-1.1404448178206625,0.7376050245454409,agreement
phenytoin,63,0.6825396825396826,0.9247504630138342,0.7123848521296773,0.07936507936507936,0.6190476190476191,phenytoin,10.59895703446564,0.8168483548282486,0.1096228674049685,0.3672054275167116,0.0621320961787887,0.0268881572383517,0,0.6068074746216761,-0.8639491910698347,0.8524630191824919,-1.7164122102523267,agreement
pimecrolimus,33,0.9393939393939394,1.0806871905313318,0.6793563212598448,0.12121212121212122,0.5151515151515151,pimecrolimus,7.378383712996714,0.3320825515947467,0.013125,0.116875,0.00375,0.01375,0,0.183812265478424,-0.23789143423153247,-1.466824073328833,1.2289326390973003,agreement
pioglitazone,31,1.032258064516129,1.0681230403942064,0.6410573406297857,0.16129032258064516,0.4838709677419355,pioglitazone,10.719206285484256,0.7120830015042916,0.0991042795532456,0.2762136459139666,0.0407165763574035,0.0273581775959305,0,0.5025599883645905,-0.28833422456484736,0.2808729773176706,-0.5692072018825179,agreement
pitavastatin,41,1.5365853658536586,1.553348948947937,1.0139641783475724,0.43902439024390244,0.43902439024390244,pitavastatin,9.215327913487222,0.7335523041703991,0.1047865459249676,0.3639168076425515,0.0532391282714697,0.0324410389093442,0,0.5721106708510798,1.6597600358773499,0.6622200864090159,0.997539949468334,agreement
plan b,792,1.0555555555555556,1.1556774607000126,0.5072270477772232,0.10353535353535354,0.18181818181818182,plan b,10.557139982397931,0.1061433624635871,0.0015084525357607,0.0169050715214564,0.003485045513654,0.0026267880364109,0,0.046430785071975865,0.06318093706877312,-2.220088146702454,2.283269083771227,patient-worse-than-FAERS
plan b one-step,552,1.056159420289855,1.1855517461830836,0.4802775510234516,0.10507246376811594,0.18478260869565216,plan b one-step,10.557139982397931,0.1061433624635871,0.0015084525357607,0.0169050715214564,0.003485045513654,0.0026267880364109,0,0.046430785071975865,0.18312078994647174,-2.220088146702454,2.4032089366489258,patient-worse-than-FAERS
plaquenil,84,1.0238095238095237,1.2124447935463902,0.7081473215861994,0.16666666666666666,0.4166666666666667,plaquenil,11.402105629864984,0.7552001251830243,0.0670993978259169,0.247148331452703,0.0651554592275637,0.0915997274017137,0,0.5334777776704263,0.29109151098734243,0.4503955348219215,-0.1593040238345791,agreement
plavix,33,0.48484848484848486,0.8335089034716161,0.6326042275266038,0.09090909090909091,0.7575757575757576,plavix,12.180200837962603,0.8132245400661997,0.1108927554376549,0.4596928539542616,0.0602234069300275,0.0318947514251556,0,0.6552115959762765,-1.2302675498478832,1.1178633155817297,-2.3481308654296127,FAERS-worse-than-patient
plecanatide,41,0.926829268292683,1.0399245419706071,0.6837059493280447,0.12195121951219512,0.36585365853658536,plecanatide,7.5485559791698735,0.3623417721518987,0.0390089615181866,0.1418028465998945,0.0089615181866104,0.0115972588297311,0,0.23390021219380355,-0.4015460954969599,-1.192191345117405,0.7906452496204452,agreement
portia,79,1.5569620253164558,1.5623904764595173,0.6677232769944734,0.3037974683544304,0.24050632911392406,portia,6.505784060128229,0.6961077844311377,0.029940119760479,0.2859281437125748,0.0404191616766467,0.0434131736526946,0,0.4444610778443113,1.6960601335028858,-0.03768394802334416,1.73374408152623,agreement
pradaxa,69,0.5797101449275363,0.8223615747826252,0.6105863561888372,0.07246376811594203,0.6956521739130435,pradaxa,11.20343395292079,0.7664558859603696,0.1489213829192842,0.5084694948283616,0.0637222169226366,0.0207819462803723,0,0.6986180320559457,-1.2750220583262393,1.3558612520959492,-2.6308833104221883,FAERS-worse-than-patient
pramipexole,135,0.8962962962962963,1.0376540780436312,0.6766264942255903,0.2074074074074074,0.5481481481481482,pramipexole,9.860997500915175,0.741390106449593,0.0833202900819116,0.3549329576876924,0.0339646267021443,0.0398601763447592,0,0.5382776256636826,-0.41066159750687187,0.47671315085195526,-0.8873747483588271,agreement
pramoxine,32,0.34375,0.7007698148905063,0.3430521666238744,0.0,0.6875,pramoxine,8.183676582620658,0.5579770885722268,0.0689751466070929,0.2678022898631667,0.0335101926836079,0.0184306059759843,0,0.40997899644041963,-1.7631909820939875,-0.22674955584654471,-1.5364414262474428,agreement
prazosin,103,1.116504854368932,1.168268091329294,0.6433685747802443,0.20388349514563106,0.3883495145631068,prazosin,8.878497403738631,0.7224933760981732,0.1078745644599303,0.3565156794425087,0.0660627177700348,0.0287108013937282,0,0.5758281522022742,0.11373004178858977,0.6826030749821959,-0.568873033193606,agreement
prednisone,391,1.237851662404092,1.2840957317936272,0.6976953102623643,0.21739130434782608,0.3836317135549872,prednisone,13.10448653459429,0.7855077068465474,0.1040070041128802,0.345123590015067,0.0513193794030215,0.0327157226045526,0,0.5761776205199819,0.5787570686052004,0.684519213370956,-0.10576214476575563,agreement
pregabalin,817,1.1591187270501837,1.231001493287183,0.6372044403982062,0.1701346389228886,0.3390452876376989,pregabalin,12.495726522696676,0.6665369023511049,0.080814545345669,0.2843161471900356,0.0456825054642354,0.0341926404982185,0,0.48341454236615955,0.36559330411198626,0.17589829953238245,0.1896950045796038,agreement
premarin,40,0.525,0.8361213219770235,0.5842144843431682,0.125,0.775,premarin,10.986732364073116,0.710182458278325,0.0314298287184347,0.1609234310473224,0.0132353936767991,0.0290603208990589,0,0.35587682129637394,-1.2197791620546055,-0.5233923399161806,-0.6963868221384248,agreement
prevacid,52,0.21153846153846154,0.5011223954038099,0.531829365588192,0.019230769230769232,0.8653846153846154,prevacid,12.0729011881212,0.8728121286902477,0.1120460179822006,0.3639453450777439,0.0684386103209148,0.054797728804652,0,0.6489716275481352,-2.564739261272615,1.0836495043606074,-3.6483887656332223,FAERS-worse-than-patient
prilosec,30,0.4,0.6495398711000188,0.6293615052045947,0.06666666666666667,0.7666666666666667,prilosec,11.655483494647388,0.6851769930694701,0.0820405650315207,0.2224573147995595,0.0163370071366013,0.0237077375326263,0,0.42848734233426095,-1.9688699404960486,-0.12526810450276907,-1.8436018359932795,agreement
primidone,52,0.8653846153846154,1.1208357998777962,0.6821781105575785,0.1346153846153846,0.5384615384615384,primidone,9.206432747145165,0.6569563033651431,0.0869477911646586,0.3125502008032128,0.0251004016064257,0.0265060240963855,0,0.4789443207284183,-0.07670202935060458,0.15138802820785083,-0.2280900575584554,agreement
pristiq,728,1.223901098901099,1.305354830532088,0.5965745753519137,0.1401098901098901,0.2857142857142857,pristiq,10.054748346376712,0.3875585744379003,0.0192993767461852,0.1090479260692026,0.0146142273801848,0.0182248012035246,0,0.21453965485877163,0.6641085049248527,-1.298345480578921,1.9624539855037737,agreement
proair respiclick,38,0.6842105263157895,0.8464911465525562,0.40410590296016047,0.02631578947368421,0.5526315789473685,proair respiclick,11.34904089753094,0.4041655837251612,0.0447203798169244,0.2040102258402742,0.0171765842394825,0.0141606682138944,0,0.2916289029959219,-1.1781461919652707,-0.8756643383077671,-0.3024818536575036,agreement
prochlorperazine,84,1.8452380952380953,1.7696201727723109,0.7534276458904791,0.4166666666666667,0.23809523809523808,prochlorperazine,10.520752110257844,0.7384075573549258,0.138283525730931,0.406435429927716,0.0483601251483439,0.0238429172510518,0,0.6184016500956782,2.5280498827382756,0.9160340028341242,1.6120158799041513,agreement
progesterone,33,0.8787878787878788,1.0713983396246733,0.5914750347086812,0.09090909090909091,0.42424242424242425,progesterone,10.02180377935417,0.558984392369603,0.0217227133401448,0.1574341433077162,0.0187908133801252,0.0282972768868553,0,0.30297584722978266,-0.27518449055513317,-0.8134489260946077,0.5382644355394746,agreement
prolia,65,0.7230769230769231,1.0527136473814307,0.7352760754746117,0.18461538461538463,0.6923076923076923,prolia,12.003821813420515,0.4947633242943801,0.1186458314205794,0.1323809348929163,0.0105155560452205,0.0162997239513517,0,0.3530875477574742,-0.35020015042721764,-0.5386859554853884,0.1884858050581708,agreement
promethazine,177,1.0903954802259888,1.2137220645128532,0.5718865998060598,0.0903954802259887,0.3389830508474576,promethazine,10.01534193731027,0.7629165734734958,0.0878565680050076,0.330188679245283,0.0377358490566037,0.0267370115353661,0,0.530730466989737,0.29621952289876846,0.43533200203688904,-0.13911247913812058,agreement
propafenone,42,0.5476190476190477,0.8018626392473587,0.4657083851068016,0.023809523809523808,0.5952380952380952,propafenone,8.594339400592892,0.8073717355065753,0.1207407407407407,0.4344444444444444,0.0688888888888888,0.0212962962962962,0,0.6501930021334539,-1.3573215768751445,1.0903463138034104,-2.447667890678555,FAERS-worse-than-patient
propofol,263,1.1482889733840305,1.213049124411238,0.633188152570202,0.17490494296577946,0.38783269961977185,propofol,10.485004604424653,0.9369077237022336,0.1362721529602504,0.4262313411975177,0.250908481019735,0.0258567674847654,0,0.8492866627248032,0.2935177901048922,2.1819789073394014,-1.8884611172345092,agreement
propranolol,628,0.9570063694267515,1.105607248799688,0.6072013382803154,0.14012738853503184,0.4394904458598726,propranolol,11.151051314263803,0.7042820000861858,0.1018007926934344,0.3096243322419438,0.0570681831236716,0.0348383020276868,0,0.5379389167585801,-0.13784190755401357,0.4748560064334307,-0.6126979139874442,agreement
protonix,50,0.68,0.8372020082682674,0.7384547973090742,0.14,0.68,protonix,11.88156751658109,0.7801117055513644,0.1109243581230633,0.3541182492253209,0.0499322155821159,0.0415905821159805,0,0.5910761743480122,-1.2154404020580796,0.7662081376035086,-1.9816485396615882,agreement
provera,94,1.074468085106383,1.1942083044835057,0.6298633860456383,0.1702127659574468,0.3829787234042553,provera,10.615039324772178,0.8556491004148156,0.0238574444062638,0.119630847773796,0.014653183447057,0.027146433655687,0,0.371092648734233,0.21787530581826425,-0.43996380121007245,0.6578391070283367,agreement
provigil,142,0.3873239436619718,0.6718587387850479,0.4212146460549768,0.014084507042253521,0.6830985915492958,provigil,10.369294889650456,0.5803829252981796,0.0332967205397771,0.2128353993409697,0.0143103718813745,0.0214027930331084,0,0.3402595504279913,-1.8792637235354401,-0.6090219970904452,-1.2702417264449948,agreement
prozac,622,1.1543408360128617,1.2512702894496572,0.5614419662450094,0.12218649517684887,0.25241157556270094,prozac,11.024383049444696,0.6303156796243151,0.0633730501540317,0.2756760281006014,0.0375869993969128,0.0308226434776939,0,0.44195121804354287,0.4469688547042456,-0.0514455351858218,0.49841438989006737,agreement
pseudoephedrine,44,0.9318181818181818,0.9823921031863989,0.5306402944696498,0.11363636363636363,0.38636363636363635,pseudoephedrine,10.139705263337609,0.5245072870176547,0.1555590650663297,0.2195593809222994,0.1530322173089071,0.1922773215413771,0,0.6797108405588654,-0.6325284313718532,1.2521929261978004,-1.8847213575696538,agreement
pylera,81,1.6296296296296295,1.6093926165262706,0.6757000221524511,0.2962962962962963,0.18518518518518517,pylera,6.99117688712121,0.8241252302025782,0.0165745856353591,0.3701657458563536,0.0368324125230202,0.0488029465930018,0,0.5125230202578268,1.8847652246334494,0.33550038390003734,1.5492648407334122,agreement
qsymia,422,1.0,1.1336449373920252,0.5867878573796946,0.14928909952606634,0.36492890995260663,qsymia,8.661466680572662,0.1503030303030303,0.0025974025974025,0.0377489177489177,0.0046753246753246,0.009004329004329,0,0.07660606060606043,-0.025275659008879302,-2.054636799863502,2.029361140854623,patient-worse-than-FAERS
quetiapine,1066,1.1866791744840526,1.262493307397316,0.6310475225938503,0.18386491557223264,0.3339587242026266,quetiapine,12.147473782977222,0.7887353067489542,0.1465040081435297,0.364963735844255,0.0787525978708063,0.0463375323408406,0,0.6610448190255769,0.49202724186630004,1.149846937697412,-0.657819695831112,agreement
qvar,34,0.8529411764705882,1.0852850482058973,0.5416334200067159,0.11764705882352941,0.4411764705882353,qvar,7.913886714856082,0.2452415812591508,0.0135332845647403,0.0731528895391367,0.0062179956108266,0.0120702267739575,0,0.13710575894248542,-0.21943186727879335,-1.7229163301761496,1.5034844628973563,agreement
rabeprazole,50,0.32,0.7316417182579152,0.5848423338002239,0.06,0.8,rabeprazole,10.539932097726275,0.8398825117091371,0.1179023125363814,0.3437582685082288,0.0438164788061597,0.0300841403397364,0,0.5978582815859801,-1.6392458738489775,0.8033945015079744,-2.4426403753569517,FAERS-worse-than-patient
ramelteon,61,1.0491803278688525,1.1055596462011998,0.5522940875663471,0.11475409836065574,0.3114754098360656,ramelteon,8.893023494394711,0.5491758241758242,0.1093406593406593,0.2839285714285714,0.0509615384615384,0.0203296703296703,0,0.47105769230769223,-0.13803302337710155,0.10814556327149648,-0.24617858664859804,agreement
ramipril,54,0.8148148148148148,0.9979529967001459,0.7962671857791825,0.14814814814814814,0.6296296296296297,ramipril,11.705560323039249,0.9339909766498132,0.1066865715958859,0.5259685095221992,0.1158334914180612,0.0780168752010425,0,0.797146725127108,-0.5700542583998509,1.8960950919656747,-2.4661493503655256,FAERS-worse-than-patient
ranitidine,90,0.4222222222222222,0.7049826221136015,0.6101733525751546,0.05555555555555555,0.7777777777777778,ranitidine,12.34807989141074,0.9334146002880496,0.0770575578267886,0.1263903590206319,0.0247314720019434,0.0196602405039129,0,0.4538244633778131,-1.7462773230601512,0.013655591386671936,-1.759932914446823,agreement
ranolazine,43,1.2093023255813953,1.3275940818284673,0.7337387134630763,0.16279069767441862,0.4186046511627907,ranolazine,9.229162126216773,0.9177382939039952,0.1296496221415251,0.4304642261262145,0.0238492491903032,0.0338600451467268,0,0.6629846543307822,0.7533950764851818,1.1604830746741714,-0.40708799818898966,agreement
reclast,37,1.3513513513513513,1.3725986423709018,0.7884035808793645,0.2702702702702703,0.32432432432432434,reclast,10.571778357097209,0.8671316120099485,0.1296870594868903,0.2886177819924648,0.0430068944306328,0.0508239997949611,0,0.6041177494870863,0.9340802471261301,0.8377152285403888,0.09636501858574131,agreement
reclipsen,135,1.6666666666666667,1.5968583647540442,0.5383072422404117,0.2518518518518518,0.14074074074074075,reclipsen,7.7025561132685825,0.9014911884319928,0.2453682783551739,0.4365115228197017,0.2738364211477632,0.3967464979665612,0,1.230863081789426,1.8344424708275118,4.274166346851421,-2.439723876023909,FAERS-worse-than-patient
reglan,138,1.7681159420289856,1.6723240849572862,0.800074264901684,0.427536231884058,0.26811594202898553,reglan,10.155956869232163,0.8191001631828425,0.1056209454997475,0.3479004001087674,0.0470030687954006,0.2000543837159616,0,0.7029417181464774,2.137423688022334,1.379568067504454,0.7578556205178799,agreement
relistor,33,1.0,1.1441186757869288,0.49897165933250776,0.09090909090909091,0.36363636363636365,relistor,7.299797366758161,0.5963488843813387,0.2210953346855984,0.2251521298174442,0.0256930358350236,0.0148749154834347,0,0.5435429344151453,0.016774506270424677,0.5055828930178026,-0.4888083867473779,agreement
relpax,114,0.7192982456140351,0.8903231659510726,0.5039590512454304,0.017543859649122806,0.45614035087719296,relpax,8.848939995030118,0.523905240488155,0.0140683318977892,0.1751363766867643,0.0169394200401952,0.0252655756531725,0,0.29004553137699474,-1.002168561940625,-0.8843459812177769,-0.11782258072284824,agreement
remeron,163,1.3987730061349692,1.4454345602514986,0.6122844050585414,0.17177914110429449,0.20245398773006135,remeron,11.400305328583142,0.8382853432448166,0.1541500649147155,0.4099476205399113,0.0662242019966871,0.0435823969199086,0,0.6940965175994018,1.2265032836456606,1.3310697417171302,-0.10456645807146958,agreement
remicade,129,1.0775193798449612,1.232397452709389,0.6940997389626701,0.20930232558139536,0.4496124031007752,remicade,12.265633171986137,0.8846652186408974,0.0627682277067738,0.2961469428518936,0.0535631003471944,0.0506423332218416,0,0.5545413782580344,0.3711978287061401,0.5658874739944739,-0.19468964528833382,agreement
repatha,43,1.3255813953488371,1.3089082092178825,0.802305925825486,0.2558139534883721,0.3023255813953488,repatha,11.964173044066817,0.1562884129137449,0.0121126437660005,0.0501891406518665,0.0036363404786468,0.005107434437609,0,0.09057801445530096,0.6783746776517108,-1.9780284328672386,2.6564031105189496,patient-worse-than-FAERS
restasis,37,0.4864864864864865,0.8155395776132345,0.48183138764240874,0.05405405405405406,0.6756756756756757,restasis,11.374203481650149,0.6625379170879676,0.1280702157479953,0.224513475633573,0.0434253153505043,0.0167727408496656,0,0.48556949956634143,-1.3024111430724659,0.18771395207705127,-1.490125095149517,agreement
restoril,58,0.9310344827586207,0.9557776916789883,0.42426118052175876,0.034482758620689655,0.29310344827586204,restoril,10.52376829760896,0.7502689618074233,0.2014359470797031,0.3359685920189308,0.0462514789717113,0.031757556200925,0,0.653732404149412,-0.7393804798479336,1.109752891545619,-1.8491333713935525,agreement
retin-a,47,1.1702127659574468,1.2922800365138716,0.4115904867557847,0.06382978723404255,0.10638297872340426,retin-a,8.935377071932177,0.6096468107538219,0.1090190915075707,0.2075049374588545,0.0614878209348255,0.0416063199473337,0,0.4739802841741385,0.6116155717686861,0.12417016460505881,0.4874454071636273,agreement
rexulti,101,1.2178217821782178,1.2410564502398311,0.7226921129983552,0.18811881188118812,0.32673267326732675,rexulti,9.68948955288162,0.4054757185332012,0.0628638672116932,0.1252322556670382,0.0122630992196209,0.0102192493496841,0,0.2640866645256482,0.40596213764528133,-1.02667871578111,1.4326408534263912,agreement
rifaximin,60,1.25,1.2009200580912647,0.6654218120861684,0.15,0.38333333333333336,rifaximin,9.92000046091034,0.7799911465250111,0.2949045839071414,0.391304347826087,0.0231162699193389,0.0139681290576431,0,0.7528248080535094,0.24482178260419965,1.6530775637237842,-1.4082557811195846,agreement
risperdal,149,0.8859060402684564,1.003105672420122,0.6480688474480677,0.11409395973154363,0.47651006711409394,risperdal,11.77429692908219,0.6677428551614668,0.0775929775929775,0.3041195041195041,0.0457380457380457,0.0243089243089243,0,0.4835822698078531,-0.5493671973442609,0.17681795082433863,-0.7261851481685995,agreement
risperidone,324,0.9629629629629629,1.086378122584235,0.6270178442112891,0.12345679012345678,0.4228395061728395,risperidone,11.784981077785991,0.6633021787854301,0.076905496514684,0.3017636079686131,0.0452748257342018,0.0240886755799337,0,0.4798598876279346,-0.21504337135320872,0.15640809095674021,-0.37145146230994897,agreement
ritalin,95,0.7789473684210526,1.0006880577856276,0.4726251327966519,0.05263157894736842,0.4421052631578947,ritalin,10.135709767783542,0.6185906333029305,0.0455860784080548,0.2092599199270622,0.0290561699766123,0.0223173583858564,0,0.37466031521385434,-0.5590734828298346,-0.42040224912221197,-0.13867123370762263,agreement
rituximab,75,0.9733333333333334,1.2207905603687468,0.7126974732099575,0.2,0.49333333333333335,rituximab,12.280126687658267,0.8871830593480078,0.1712896755381386,0.3169632078450309,0.0793232175027394,0.0518869676652489,0,0.6957056486329221,0.32459825528729436,1.3398926237629147,-1.0152943684756204,agreement
rivaroxaban,106,1.0,1.1311744976781537,0.6647905416284785,0.12264150943396226,0.49056603773584906,rivaroxaban,12.230950606796076,0.8393863264957682,0.1315469890800197,0.5010363983085979,0.0453625443212688,0.0194403936850422,0,0.6837793972195936,-0.03519402763372496,1.2745008643124898,-1.3096948919462148,agreement
rizatriptan,206,0.8106796116504854,0.9919419259801441,0.5106166228809781,0.05825242718446602,0.3737864077669903,rizatriptan,9.668081624649718,0.5771421339071003,0.0205644140723867,0.2053277651227537,0.0262591748924322,0.0337256390787142,0,0.34098622407493934,-0.5941876201233646,-0.6050376379927421,0.01085001786937756,agreement
robaxin,44,0.8409090909090909,1.0265482529048622,0.5206723480998685,0.09090909090909091,0.4090909090909091,robaxin,9.99296255896373,0.6233124342135371,0.0780485574505052,0.2997119473275113,0.0233642723240821,0.0269306387453705,0,0.452441126359347,-0.45524947673779886,0.006070740253204405,-0.4613202169910033,agreement
roflumilast,39,0.9487179487179487,1.041219721534178,0.6958517413733281,0.15384615384615385,0.5128205128205128,roflumilast,8.802672840312818,0.6204456489009335,0.1428356638099533,0.3035633739287325,0.0222522928882874,0.0108254397834912,0,0.5061306876036734,-0.3963461838072584,0.3004511580569244,-0.6967973418641829,agreement
ropinirole,197,0.883248730964467,1.0513142932123314,0.6586065446005417,0.14720812182741116,0.5177664974619289,ropinirole,9.811043262144848,0.6359047514539669,0.0890692700049361,0.2979761970054297,0.0231448472549772,0.0231996928645861,0,0.46358445675303306,-0.3558183043161425,0.0671697356815725,-0.42298803999771495,agreement
rosuvastatin,88,1.3181818181818181,1.252284557362865,0.8392115418083528,0.36363636363636365,0.4772727272727273,rosuvastatin,12.318771668355645,0.6831218518005354,0.0591133665091263,0.3136988626718723,0.0424510180560891,0.0308141768442494,0,0.476430091621069,0.451040956925992,0.13760248409234582,0.3134384728336462,agreement
rotigotine,37,0.7027027027027027,1.0145451375286818,0.6569053602684067,0.10810810810810811,0.6486486486486487,rotigotine,9.552084402526496,0.6287178027607798,0.1458111276913238,0.2863639593547928,0.0157038300291338,0.0176934555531869,0,0.502556931107492,-0.5034398139798036,0.28085621434548147,-0.7842960283252851,agreement
roxicodone,55,1.0363636363636364,1.162925377595079,0.4726618731549768,0.05454545454545454,0.41818181818181815,roxicodone,11.403835782382524,0.8877324498287652,0.3527168094218415,0.1771837080656673,0.0372836366880799,0.105449232690935,0,0.811269770637423,0.09228001247784562,1.9735318960972565,-1.881251883619411,agreement
rozerem,53,0.9433962264150944,1.0432606311127122,0.5144344208651055,0.07547169811320754,0.33962264150943394,rozerem,8.893023494394711,0.5491758241758242,0.1093406593406593,0.2839285714285714,0.0509615384615384,0.0203296703296703,0,0.47105769230769223,-0.388152300987039,0.10814556327149648,-0.4962978642585355,agreement
safyral,54,1.6111111111111112,1.5145550932055076,0.6548580607253489,0.35185185185185186,0.2222222222222222,safyral,5.5093883366279774,0.5894308943089431,0.0203252032520325,0.3170731707317073,0.1178861788617886,0.0934959349593495,0,0.5154471544715447,1.5040097216834805,0.3515334419395902,1.1524762797438903,agreement
saphris,224,1.0446428571428572,1.1707799293794,0.6309706294082522,0.13392857142857142,0.3392857142857143,saphris,8.957768009971161,0.4409681987897515,0.0356637054203682,0.1460023174971031,0.0289687137891077,0.0245912192609759,0,0.28134414831981447,0.12381461724573435,-0.9320557542253487,1.055870371471083,agreement
savella,277,1.03971119133574,1.1293504429568326,0.6708096759860958,0.16967509025270758,0.4332129963898917,savella,8.691986481789401,0.4237487403426268,0.024521330198186,0.1543500167954316,0.0268726906281491,0.0290560967416862,0,0.2706583809203894,-0.04251727742458933,-0.9906459270390358,0.9481286496144464,agreement
saxenda,468,1.126068376068376,1.2221505525301009,0.5611867736337112,0.1111111111111111,0.27136752136752135,saxenda,9.18142636181154,0.5845295879376227,0.0292361540045295,0.247786699608812,0.0569281449454395,0.0153386864319538,0,0.3847679766489416,0.3300583778344952,-0.3649818372708493,0.6950402151053445,agreement
scopolamine,108,1.1574074074074074,1.2498993381820231,0.6813721339984757,0.18518518518518517,0.3333333333333333,scopolamine,8.807621489536043,0.6462137084705178,0.1140035906642728,0.3204667863554757,0.0538599640933572,0.0267803710353081,0,0.5299353273825674,0.44146473332749475,0.430972243373456,0.01049248995403873,agreement
secukinumab,44,0.8636363636363636,1.0635809101090588,0.6746741520085062,0.1590909090909091,0.5227272727272727,secukinumab,11.975199296154022,0.3976563976563976,0.0511063382188993,0.1335605006078089,0.0458974472025043,0.0439889901553849,0,0.30469375869049586,-0.3065700561284394,-0.8040295998450755,0.4974595437166361,agreement
selegiline,33,0.8484848484848485,1.0441004756785377,0.4853319500842518,0.06060606060606061,0.5151515151515151,selegiline,8.151909872940905,0.5139809743441914,0.0660132603055635,0.2363793600461228,0.0302680887863937,0.0262323436148746,0,0.3809743441914095,-0.3847804769572281,-0.38578236314514214,0.001001886187914025,agreement
senna,58,1.4482758620689655,1.4256876685630304,0.611089051384913,0.20689655172413793,0.1896551724137931,senna,10.534998662437673,0.8309394616448559,0.1561635822165496,0.4970219102318655,0.0596681557115507,0.0320144650074452,0,0.7241010259003913,1.1472230851201137,1.495584770056533,-0.3483616849364193,agreement
seroquel,418,1.2583732057416268,1.3441515793801748,0.5777251682685512,0.16985645933014354,0.25598086124401914,seroquel,11.99509232134177,0.7759431923433159,0.1346530251856974,0.360601888155498,0.071648647480504,0.0400785393653871,0,0.6331108225066153,0.8198704344146635,0.9966845468043678,-0.17681411238970435,agreement
seroquel xr,162,1.228395061728395,1.2639676854702036,0.686901330501212,0.22839506172839505,0.345679012345679,seroquel xr,11.99509232134177,0.7759431923433159,0.1346530251856974,0.360601888155498,0.071648647480504,0.0400785393653871,0,0.6331108225066153,0.49794660315942474,0.9966845468043678,-0.49873794364494306,agreement
sertraline,1859,1.2065626681011297,1.2684533816773047,0.6463778603029164,0.19795589026358257,0.3125336202259279,sertraline,12.277467297099491,0.7161937493887701,0.0871229050279329,0.3133566108007449,0.0489990689013035,0.0456797020484171,0,0.5298343817998712,0.5159558621068444,0.4304187577028556,0.08553710440398882,agreement
sildenafil,224,0.4419642857142857,0.7099584140824143,0.3820313530680965,0.008928571428571428,0.6383928571428571,sildenafil,11.738314493312824,0.6657612820246531,0.1456417624521072,0.3468789910600255,0.0240980204342273,0.0167784163473818,0,0.549832950380065,-1.7263004182726664,0.5400711153990346,-2.266371533671701,FAERS-worse-than-patient
silenor,95,0.8,0.973251473209587,0.5824543585280503,0.08421052631578947,0.42105263157894735,silenor,7.776535028185241,0.6283074338513229,0.1535879143936215,0.2572387746537977,0.0373478808224926,0.0184641208560637,0,0.5135027211331559,-0.6692264074707146,0.34087209389948375,-1.0100985013701984,agreement
silodosin,89,0.7865168539325843,1.0118443494576819,0.6778250738515827,0.11235955056179775,0.5617977528089888,silodosin,8.246433786160365,0.8827079506691157,0.1282454760031471,0.5001311303435615,0.067925517964857,0.023078940466824,0,0.713619099074325,-0.5142829895956068,1.4381122572080227,-1.9523952468036296,agreement
silver sulfadiazine,47,0.7872340425531915,1.0384842385560251,0.5526232689506636,0.0851063829787234,0.5319148936170213,silver sulfadiazine,7.717351272185329,0.6513802315227071,0.1286731967943009,0.3455031166518255,0.0320569902048085,0.0213713268032057,0,0.5374443455031166,-0.4073286532000423,0.47214426714104757,-0.8794729203410898,agreement
simponi,58,1.0689655172413792,1.172521744131589,0.6802264686947385,0.20689655172413793,0.41379310344827586,simponi,11.336963642128856,0.7500865516623888,0.0734880282361919,0.2395187446341696,0.0668701707526471,0.0903844319374224,0,0.5350386050103066,0.1308076884352075,0.4589535672175022,-0.32814587878229473,agreement
simvastatin,83,1.1686746987951808,1.3535927435321715,0.8874658077926847,0.3253012048192771,0.5180722891566265,simvastatin,12.473539255481048,0.7222615571264003,0.0873228765272893,0.381163208063399,0.0537866061554592,0.0497801621710564,0,0.5724583461410158,0.857775000869529,0.664126393608019,0.19364860726151,agreement
singulair,130,0.6,0.8133698307051966,0.6340565420298168,0.1,0.6384615384615384,singulair,11.685920329741222,0.6075537116360484,0.0407536695125541,0.2712705555789208,0.0291962821213778,0.03182907852126,0,0.40429244145481325,-1.3111222844679435,-0.2579289954569501,-1.0531932890109934,agreement
sitagliptin,67,1.0597014925373134,1.1346339604836835,0.7710502753744335,0.23880597014925373,0.5074626865671642,sitagliptin,11.44636890896934,0.6495211219428767,0.0926784950833689,0.3449871740059854,0.0579521162890123,0.0317336468576314,0,0.5286036645007763,-0.021304910179644185,0.42367072206410106,-0.44497563224374526,agreement
sklice,35,0.5428571428571428,0.7512408537188994,0.4509716696800944,0.08571428571428572,0.6285714285714286,sklice,8.07215530818825,0.5649594003747658,0.097408679363097,0.2891039650327817,0.0533874492663128,0.0112394630034342,0,0.4620260655073717,-1.5605588898522347,0.058625060415709085,-1.6191839502679437,agreement
skyla,1074,1.6042830540037243,1.5928142941340198,0.6016209720834249,0.28957169459962756,0.1378026070763501,skyla,9.063694791634695,0.5396733464612533,0.0067168500289519,0.09160393746381,0.0201505500868558,0.0160972785176606,0,0.24180935773107992,1.8182062587357577,-1.14882541859887,2.967031677334628,patient-worse-than-FAERS
sodium hyaluronate,166,1.355421686746988,1.37461577267614,0.6776588904960954,0.3132530120481928,0.3614457831325301,sodium hyaluronate,6.664409020350408,0.9386973180076628,0.0651340996168582,0.545338441890166,0.074074074074074,0.0446998722860791,0,0.7099616858237546,0.9421786604650041,1.418058622649824,-0.47587996218481987,agreement
sodium oxybate,74,1.0675675675675675,1.152705378123289,0.4020377318681547,0.02702702702702703,0.24324324324324326,sodium oxybate,11.0869923082222,0.4984153231362822,0.0143764831968154,0.1164051136798591,0.0025874607670519,0.0070121717828982,0,0.22908212583929988,0.0512485630812978,-1.2186089622701823,1.26985752535148,agreement
sofosbuvir,42,0.6190476190476191,0.9481506236674055,0.5613981765963935,0.047619047619047616,0.5952380952380952,sofosbuvir,10.863871721920797,0.4910145260377792,0.060589822593918,0.1649857424454098,0.0201136776835779,0.0130518821885824,0,0.31561431130682666,-0.7700017784130768,-0.7441520972666262,-0.025849681146450587,agreement
solifenacin,104,0.9423076923076923,1.0653835517459227,0.5851192393276419,0.10576923076923077,0.3557692307692308,solifenacin,10.16068464397519,0.5014499478018791,0.0522714092402861,0.2260197177653199,0.0223854629808621,0.0225787744055673,0,0.3494297649320966,-0.2993327759987039,-0.5587416164260656,0.2594088404273617,agreement
soma,139,0.9928057553956835,1.1374842056054861,0.5095055833881553,0.09352517985611511,0.38848920863309355,soma,9.84633502103182,0.6882711146412497,0.2121452774248199,0.2452350698856416,0.0229246082168572,0.0357899195256247,0,0.5846367770014387,-0.009861691537038938,0.7309008555666529,-0.7407625471036918,agreement
soolantra,73,0.6712328767123288,0.8387001787031285,0.6289033016820725,0.0958904109589041,0.6575342465753424,soolantra,8.21878715560148,0.5574433656957929,0.0862766244270692,0.2733890536532758,0.0485306012402264,0.0126718792127258,0,0.43789895740353413,-1.2094255187349359,-0.07366412205090636,-1.1357613966840294,agreement
sotalol,32,0.625,0.8756222442198635,0.7120273019305066,0.09375,0.65625,sotalol,9.69996278809107,0.7860952731285635,0.1036405981858298,0.4241848492277519,0.0649056141211081,0.0218190733022799,0,0.6187594473467573,-1.0611901037481095,0.9179958088504253,-1.9791859125985347,agreement
sovaldi,39,0.5384615384615384,0.9100718989884599,0.5667594991678991,0.05128205128205128,0.6923076923076923,sovaldi,9.883896902771124,0.7245423486818622,0.0916832389985212,0.2269644587221457,0.030136148080159,0.0125949722094742,0,0.4554535719749118,-0.9228809707322116,0.02258801061951163,-0.9454689813517233,agreement
spiriva,59,0.3220338983050847,0.6389560380256791,0.573565368739132,0.03389830508474576,0.7627118644067796,spiriva,11.88918830727018,0.5058980239216709,0.0717590368061943,0.2904820087588034,0.0269216512678299,0.015938825661372,0,0.4014639473393216,-2.0113621160005564,-0.2734376578519474,-1.7379244581486089,agreement
spironolactone,314,1.1624203821656052,1.2015586734515917,0.5696408011036315,0.11464968152866242,0.2898089171974522,spironolactone,11.830593432912266,0.7857533089065494,0.1301977567671827,0.4758171932659344,0.0652153343377659,0.0245212568508854,0,0.6731694933379473,0.24738570777009092,1.2163266519488825,-0.9689409441787915,agreement
sprintec,684,1.5423976608187135,1.532990328643242,0.6650126178136567,0.25584795321637427,0.1871345029239766,sprintec,8.184792654165078,0.4288107202680067,0.00976290097629,0.1542538354253835,0.0337517433751743,0.0206415620641562,0,0.2569835229144325,1.5780238576004915,-1.0656253144637289,2.6436491720642206,patient-worse-than-FAERS
sronyx,115,1.382608695652174,1.4698180503866602,0.6105584256407693,0.2,0.20869565217391303,sronyx,6.495265555937008,0.6898638426626323,0.0317700453857791,0.2874432677760968,0.037821482602118,0.0317700453857791,0,0.43494704992435695,1.3243985863170291,-0.08984946119129525,1.4142480475083243,agreement
stelara,101,0.8316831683168316,1.0450285877580963,0.6262755459035093,0.16831683168316833,0.5742574257425742,stelara,11.51340534980708,0.5904969677561396,0.0568132977500574,0.2178076304137055,0.0552940118144472,0.0565834057992743,0,0.4267097967948018,-0.3810542748246499,-0.13501440502085005,-0.24603986980379983,agreement
strattera,281,1.4092526690391458,1.4053879634487165,0.614986315874559,0.2206405693950178,0.2099644128113879,strattera,10.06185788850757,0.3900128040973111,0.0583415133797106,0.1380222781784815,0.0590243694251205,0.0537322350731936,0,0.32918855378947665,1.0657234406766947,-0.6697243857934991,1.7354478264701938,agreement
stribild,76,0.8157894736842105,1.033431683831951,0.5992441594435202,0.039473684210526314,0.5263157894736842,stribild,9.098179005087852,0.8571268740210338,0.0156634593868874,0.0836876258670843,0.0050346833743566,0.0041396285522488,0,0.3215708212127991,-0.4276137465658861,-0.7114924920448109,0.28387874547892483,agreement
suboxone,467,0.8758029978586723,1.088353454181956,0.5741762691444738,0.13704496788008566,0.46466809421841543,suboxone,10.079204010277946,0.6348800134250713,0.0525984648294954,0.2025082840484879,0.0244536722452917,0.0538568013086699,0,0.401579309593563,-0.2071127722649202,-0.2728051254226392,0.06569235315771899,agreement
sucralfate,46,0.8913043478260869,0.9988052313160353,0.6976237209367835,0.08695652173913043,0.45652173913043476,sucralfate,10.060833123259906,0.6888755929740588,0.0976203699747938,0.3879608664074849,0.0322553082411244,0.0219165206989362,0,0.5394092921529087,-0.5666326905600116,0.4829180898790558,-1.0495507804390676,agreement
sulfasalazine,59,1.423728813559322,1.4030364931842314,0.8121628399677814,0.3559322033898305,0.3728813559322034,sulfasalazine,11.25145679933435,0.8366845920037409,0.0895948877141484,0.2723824862646283,0.0924523645620916,0.1182735644425971,0,0.6335448952070761,1.0562827128732313,0.9990645718959743,0.05721814097725697,agreement
sumatriptan,342,0.9444444444444444,1.0247294675477165,0.5214508397224492,0.06432748538011696,0.3216374269005848,sumatriptan,10.723091157048632,0.4916135857706464,0.0241898173646758,0.1824811085898085,0.0244321561543037,0.0280011456015509,0,0.30206097423530254,-0.4625515709845643,-0.8184651841550302,0.35591361317046594,agreement
suprep bowel prep kit,806,1.2121588089330024,1.2827714265875645,0.4903753095885766,0.13399503722084366,0.141439205955335,suprep bowel prep kit,8.37216741936598,0.1417996761508212,0.0071692876965772,0.0504162812210915,0.0034690101757631,0.0057816836262719,0,0.08173971783137013,0.5734402227288247,-2.0264889043727847,2.5999291271016096,patient-worse-than-FAERS
suvorexant,273,1.021978021978022,1.176363633203968,0.6458850257392696,0.13186813186813187,0.34065934065934067,suvorexant,9.45727857185611,0.3433348960775121,0.053984375,0.15640625,0.0265625,0.016875,0,0.26825046882325365,0.14623217818157153,-1.0038485338914873,1.1500807120730587,agreement
symbicort,102,0.5784313725490197,0.7546387862896664,0.575032556982194,0.06862745098039216,0.6274509803921569,symbicort,11.4634725812507,0.6069832725284662,0.0696723895181457,0.2935885851177843,0.0268770882804127,0.0203837182423771,0,0.43433193722957186,-1.5469168051618047,-0.09322213043817502,-1.4536946747236297,agreement
synthroid,118,0.5254237288135594,0.6888468572643762,0.5328165814567728,0.059322033898305086,0.652542372881356,synthroid,12.528999991458992,0.600120965843447,0.0658070028092328,0.2908352399432361,0.0341234903993744,0.0298118972457933,0,0.4394280329254398,-1.8110595004676049,-0.06528018520061964,-1.7457793152669852,agreement
taclonex,34,0.7647058823529411,1.001568988008214,0.4595566077311553,0.08823529411764706,0.5294117647058824,taclonex,7.448333860897476,0.458041958041958,0.0215617715617715,0.1678321678321678,0.0215617715617715,0.0174825174825174,0,0.2723776223776222,-0.5555367073192574,-0.9812193084048754,0.42568260108561795,agreement
tacrolimus,67,0.8805970149253731,0.9794226985393123,0.5841614023447207,0.05970149253731343,0.47761194029850745,tacrolimus,11.934198303283909,0.899201249647224,0.1659437360964374,0.4032640151192015,0.0782733661878482,0.0145614184750867,0,0.7101478044330447,-0.6444500539561907,1.4190791129033116,-2.063529166859502,FAERS-worse-than-patient
tadalafil,415,0.43855421686746987,0.6505820380299357,0.423566654481744,0.014457831325301205,0.6626506024096386,tadalafil,11.49378341944186,0.626118542553083,0.1124328511870177,0.3763493471147671,0.018480576536905,0.0134858261215253,0,0.5126676270249177,-1.964685828768286,0.33629326429478956,-2.3009790930630754,FAERS-worse-than-patient
tamiflu,245,1.2,1.2613829264653231,0.7164399814955834,0.17551020408163265,0.34285714285714286,tamiflu,9.792667717430884,0.6156167905650886,0.0991006089045304,0.2449583822132841,0.0456957711859672,0.0267024188592816,0,0.46151314733096993,0.4875692632580121,0.055812724766677736,0.43175653849133433,agreement
tamoxifen,47,1.2553191489361701,1.3580088864741462,0.6824609282625995,0.19148936170212766,0.3404255319148936,tamoxifen,8.643120748014027,0.7714285714285715,0.0839506172839506,0.2781305114638448,0.0428571428571428,0.0638447971781305,0,0.5334215167548501,0.8755050160375062,0.4500870556418073,0.4254179603956989,agreement
tamsulosin,239,1.0418410041841004,1.1570401405419497,0.6507984157286787,0.17573221757322174,0.39330543933054396,tamsulosin,9.925884849978166,0.7391091532060695,0.1075689419127713,0.3451985135928027,0.0513886172501466,0.0339331116761197,0,0.5667650166443945,0.06865185016739613,0.6329098092838786,-0.5642579591164825,agreement
tapentadol,293,1.310580204778157,1.2929744064495214,0.5403916825195536,0.08191126279863481,0.26621160409556316,tapentadol,10.408315224498482,0.8963269248181571,0.6200464793408385,0.1350919023330214,0.0109860260163583,0.0060362780309661,0,0.9695047233875592,0.6144033414702155,2.841135773315744,-2.2267324318455284,FAERS-worse-than-patient
taytulla,65,1.8615384615384616,1.7407303080621501,0.6532041014098884,0.4153846153846154,0.13846153846153847,taytulla,5.765191102784844,0.2295597484276729,0.0062893081761006,0.0786163522012578,0.0157232704402515,0.0251572327044025,0,0.14465408805031432,2.412062301212456,-1.6815287638600351,4.093591065072491,patient-worse-than-FAERS
tegretol,102,1.2156862745098038,1.2712453176685086,0.6852112072389612,0.1568627450980392,0.38235294117647056,tegretol,11.063038139309317,0.8663509190138636,0.0852765450297166,0.3912088946039612,0.0589785005253336,0.0281014285938308,0,0.6076400684718046,0.5271649801364188,0.8570281398461956,-0.32986315970977687,agreement
temazepam,237,1.029535864978903,1.0725774116140203,0.5124405714543607,0.10970464135021098,0.2911392405063291,temazepam,10.52376829760896,0.7502689618074233,0.2014359470797031,0.3359685920189308,0.0462514789717113,0.031757556200925,0,0.653732404149412,-0.2704507297756618,1.109752891545619,-1.3802036213212807,agreement
terazosin,31,0.5806451612903226,0.7823261286388532,0.4877868814033909,0.03225806451612903,0.5806451612903226,terazosin,9.07726601775084,0.6923428571428571,0.1080772306637724,0.3626185307894436,0.0381583457100422,0.0262767051296698,0,0.546009723360154,-1.4357571334160897,0.5191083222341193,-1.954865455650209,agreement
terbinafine,223,0.9461883408071748,1.0587909064420813,0.7022853974632061,0.14798206278026907,0.4977578475336323,terbinafine,9.066123521215774,0.7686351554374206,0.0600739371534195,0.2657116451016635,0.0410120147874306,0.0507162661737523,0,0.4918313044870485,-0.32580105448742863,0.22204749301203006,-0.5478485474994587,agreement
terconazole,63,0.9682539682539683,1.0507915767078098,0.7235649904191838,0.14285714285714285,0.42857142857142855,terconazole,6.692083742506628,0.5527950310559007,0.0285714285714285,0.2062111801242236,0.0149068322981366,0.0260869565217391,0,0.32770186335403717,-0.35791691653850327,-0.6778759247777316,0.31995900823922835,agreement
teriparatide,57,0.7894736842105263,0.9138368451118594,0.7572468126543448,0.17543859649122806,0.6140350877192983,teriparatide,11.62300781520034,0.3710159987100704,0.0473324017342076,0.2159070550718406,0.0061808018918628,0.0077394388906804,0,0.2769529776201155,-0.9077653930093941,-0.9561325884416357,0.04836719543224166,agreement
testim,84,1.0952380952380953,1.1564954007268018,0.5071003827701723,0.13095238095238096,0.2976190476190476,testim,9.980124467074832,0.6175448352564994,0.0505279733234531,0.2743145609484994,0.0340866987773249,0.0575213041867358,0,0.4404829763272276,0.0664648183362084,-0.05949591965290317,0.12596073798911156,agreement
testosterone,384,1.0208333333333333,1.14484322649024,0.5383825438990436,0.1171875,0.3541666666666667,testosterone,10.857613422713303,0.5413501947025485,0.0422323646657808,0.2165540085119494,0.0235715523715985,0.0367631482658347,0,0.3575058730158831,0.019683446295343923,-0.5144602325437507,0.5341436788390946,agreement
tikosyn,37,0.5405405405405406,0.6542077965668359,0.584878447677393,0.08108108108108109,0.7027027027027027,tikosyn,9.24763615671988,0.5955478461983232,0.0777531554099624,0.2864437807110511,0.0261104152615858,0.0106946719337123,0,0.4280140021878522,-1.9501290640305218,-0.12786343340532758,-1.822265630625194,agreement
tinidazole,51,1.2745098039215685,1.234274090514208,0.6957981099552879,0.21568627450980393,0.2549019607843137,tinidazole,6.07993319509559,0.7224770642201835,0.0458715596330275,0.2958715596330275,0.0504587155963302,0.0160550458715596,0,0.4621559633027522,0.3787321900665904,0.059337291366934136,0.3193948986996563,agreement
tioconazole,980,1.6183673469387756,1.565105545155929,0.6036074718772967,0.2938775510204082,0.1489795918367347,tioconazole,7.340835554123275,0.0609993510707332,0.0123296560674886,0.027255029201817,0.0025957170668397,0.0019467878001297,0,0.047696301103179614,1.7069606432467923,-2.2131493092567958,3.920109952503588,patient-worse-than-FAERS
tiotropium,66,0.4090909090909091,0.6723612497490213,0.5692718232691582,0.045454545454545456,0.7121212121212122,tiotropium,11.92008247433926,0.5019873898946051,0.0718188655135005,0.2877879310230078,0.0265618656532648,0.0157534292160555,0,0.39858594096723665,-1.877246232903821,-0.289217796460282,-1.588028436443539,agreement
tirosint,49,0.9387755102040817,1.1109512278866425,0.8329576581793955,0.2653061224489796,0.6530612244897959,tirosint,11.52833610866966,0.6836409867247479,0.0806581849692768,0.377373168426028,0.0585118953836458,0.0367594926737041,0,0.5469782263782247,-0.11638679808088372,0.5244186342667763,-0.64080543234766,agreement
tizanidine,192,0.9270833333333334,1.1032674866594883,0.5363396910241462,0.06770833333333333,0.359375,tizanidine,10.605619251167536,0.604158921357226,0.0680128840436075,0.2868681863230922,0.0217789890981169,0.0247274529236868,0,0.42742706193739566,-0.14723562935610954,-0.131081632849516,-0.01615399650659355,agreement
tofacitinib,37,0.9459459459459459,1.0900707302869888,0.7508418448840961,0.21621621621621623,0.5405405405405406,tofacitinib,12.115496741336942,0.4783494093302823,0.048817604554412,0.1363915042697613,0.0324720823297569,0.0462557477556382,0,0.3188748687811296,-0.2002182193054949,-0.7262744270210015,0.5260562077155067,agreement
tolterodine,46,0.6739130434782609,1.0102453981940112,0.5443063652584736,0.06521739130434782,0.5,tolterodine,9.880321274504288,0.6388718263718264,0.063661020418607,0.2824829844941405,0.0242566910598229,0.0323934292001432,0,0.4386448138651837,-0.5207024897182776,-0.06957458338243354,-0.45112790633584404,agreement
topamax,444,1.4842342342342343,1.447900351093924,0.6648702927282389,0.25225225225225223,0.21171171171171171,topamax,11.402161487985373,0.694772833933001,0.0742677123131577,0.2586746207297182,0.048249435842438,0.0450208905869472,0,0.48215104494273053,1.236402987892487,0.16897053013396401,1.0674324577585228,agreement
topiramate,785,1.3363057324840764,1.3774723610274808,0.6614996932624275,0.21656050955414013,0.26496815286624203,topiramate,11.483311261194048,0.654436991932742,0.0687879193663023,0.242065903729875,0.0448182445586675,0.0422327746932973,0,0.4515695067433045,0.9536473460269101,0.0012916409126666607,0.9523557051142435,agreement
toprol-xl,42,0.8571428571428571,0.963905469859473,0.7045265287206303,0.16666666666666666,0.5714285714285714,toprol-xl,11.33754774385068,0.630069179389313,0.0929534160380394,0.3430457735988464,0.0326290324502758,0.0173036359086196,0,0.49171282775051084,-0.7067489205176752,0.22139788384418352,-0.9281468043618588,agreement
toviaz,37,0.9459459459459459,1.1174090697602295,0.48969524186807417,0.08108108108108109,0.32432432432432434,toviaz,9.280705634636746,0.5603094705443699,0.0406413124533929,0.2136465324384787,0.0257270693512304,0.0182699478001491,0,0.3489280387770319,-0.09045973098284758,-0.5614925861067241,0.47103285512387655,agreement
tramadol,1132,1.1351590106007068,1.2500102596400362,0.6056360305622689,0.18109540636042404,0.3401060070671378,tramadol,10.535025251464385,0.9001010423314189,0.1913637693105373,0.3141535270812837,0.0992049775319737,0.0806987689116966,0,0.7543239658143714,0.4419100629191466,1.661297461181838,-1.2193873982626915,agreement
tranexamic acid,103,1.0970873786407767,1.1412529614647613,0.6770460915120772,0.23300970873786409,0.4854368932038835,tranexamic acid,9.060911858484252,0.9317073170731708,0.1498083846243177,0.4518638950180002,0.1523632563000813,0.0370456392985715,0,0.8030750798043342,0.005269181586255662,1.9286003217780139,-1.9233311401917583,agreement
transderm-scop,68,1.1764705882352942,1.279070771271116,0.657861564598091,0.19117647058823528,0.3382352941176471,transderm-scop,8.618123909994678,0.6822210164586725,0.1305605786618444,0.3381555153707052,0.0600361663652802,0.0264014466546112,0,0.5708145870352508,0.5585827609676914,0.6551136454851257,-0.0965308845174343,agreement
tranylcypromine,54,0.9629629629629629,1.0986893277621148,0.7637700858811173,0.16666666666666666,0.5,tranylcypromine,7.013915474810528,0.7128712871287128,0.0801080108010801,0.2898289828982898,0.0612061206120612,0.027002700270027,0,0.5067506750675067,-0.16561610928132361,0.3038505557127508,-0.4694666649940744,agreement
trazodone,795,1.0918238993710692,1.2040662372100195,0.629152372364777,0.15849056603773584,0.3220125786163522,trazodone,9.636979715315752,0.6649259090018931,0.1024151436031331,0.3371409921671018,0.0409268929503916,0.0288511749347258,0,0.5234007492018733,0.25745312271923526,0.3951430838418703,-0.13768996112263504,agreement
tresiba,39,1.0,1.0944980642881985,0.644402026563581,0.15384615384615385,0.5128205128205128,tresiba,10.02446547908903,0.5906673756979527,0.0547605334278498,0.2917903504496921,0.0336272207700146,0.0279562270169686,0,0.42432705688997135,-0.18244327405880625,-0.1480789924833842,-0.03436428157542207,agreement
tretinoin,333,1.3123123123123124,1.3848910099543676,0.4713561451977894,0.12612612612612611,0.1111111111111111,tretinoin,9.057189192482008,0.560079328044797,0.0975638186268795,0.1908147802774216,0.0549015036717566,0.038116330574659,0,0.43159764151869595,0.9834318796635833,-0.10821430200954599,1.0916461816731293,agreement
treximet,82,0.9024390243902439,0.9762549723320522,0.5456937909249387,0.10975609756097561,0.35365853658536583,treximet,7.259116128097101,0.3267605633802817,0.0169014084507042,0.1014084507042253,0.0211267605633802,0.0246478873239436,0,0.19978873239436604,-0.6571679017343715,-1.3792249405227455,0.722057038788374,agreement
tri-lo-sprintec,73,1.4657534246575343,1.4948810660127734,0.7064996246172073,0.2465753424657534,0.2602739726027397,tri-lo-sprintec,6.673297967767654,0.5095057034220533,0.0189873417721519,0.1696202531645569,0.0354430379746835,0.0139240506329113,0,0.294750445203831,1.4250220609293653,-0.8585488902009283,2.2835709511302937,patient-worse-than-FAERS
tri-luma,48,0.8125,0.9842448538376979,0.2672590064223032,0.0,0.2708333333333333,tri-luma,6.29156913955832,0.0871985157699443,0.0,0.0278293135435992,0.0,0.0092764378478664,0,0.046567717996289365,-0.6250899726123362,-2.219337342066762,1.5942473694544257,agreement
tri-sprintec,461,1.5314533622559654,1.5073563504418206,0.6187087611865468,0.2299349240780911,0.16702819956616052,tri-sprintec,7.335633981927201,0.4774657086871326,0.0123939986953685,0.1800391389432485,0.0391389432485322,0.0208741030658838,0,0.29157630751807695,1.475108071517812,-0.875952719855013,2.351060791372825,patient-worse-than-FAERS
triamcinolone,139,0.8273381294964028,1.029315632027662,0.6698760170193192,0.15827338129496402,0.5539568345323741,triamcinolone,10.326399574248011,0.4592361907883953,0.0943427130081567,0.209191862941003,0.0740000655157729,0.0743276443803845,0,0.4479389051940642,-0.44413895009328674,-0.01861498481072995,-0.4255239652825568,agreement
triazolam,37,0.2702702702702703,0.649134078480883,0.4349233043002572,0.0,0.8108108108108109,triazolam,9.055556158175316,0.8553246146660439,0.1440747227086982,0.4305896088733216,0.0742556917688266,0.0274372446001167,0,0.6945775361803151,-1.9704991244665098,1.3337071715552362,-3.304206296021746,FAERS-worse-than-patient
trileptal,54,0.9074074074074074,1.1038188934177706,0.5699296202845632,0.1111111111111111,0.48148148148148145,trileptal,10.338090662387614,0.7615192824531296,0.0698698439422392,0.3113384705044357,0.0458136372466489,0.0224697273845755,0,0.506374582896918,-0.14502183095408142,0.3017884384641707,-0.4468102694182521,agreement
trintellix,484,1.2541322314049588,1.3089785393817102,0.6415400369738363,0.16322314049586778,0.29132231404958675,trintellix,9.718843300372528,0.4758321796183711,0.0588801347206351,0.1665363565285379,0.0200276658447104,0.024478258254646,0,0.3180548803244359,0.6786570405389213,-0.730770432182549,1.4094274727214704,agreement
triumeq,69,0.8985507246376812,1.0925418809663578,0.6730049667875596,0.10144927536231885,0.4927536231884058,triumeq,8.746716349694486,0.537543748011454,0.0515185244076959,0.1865161392908252,0.0263952933693751,0.0154237557640324,0,0.3379525821868674,-0.1902969962827682,-0.6216711277397243,0.43137413145695613,agreement
trospium,32,0.6875,0.7927499823098021,0.6255877459232849,0.0625,0.59375,trospium,8.279950715722526,0.5069948186528498,0.0464113619071772,0.2597007354805985,0.0349987319300025,0.0207963479584073,0,0.3709166043582185,-1.3939072462808562,-0.4409290543386518,-0.9529781919422043,agreement
trulance,41,0.926829268292683,1.0399245419706071,0.6837059493280447,0.12195121951219512,0.36585365853658536,trulance,7.5485559791698735,0.3623417721518987,0.0390089615181866,0.1418028465998945,0.0089615181866104,0.0115972588297311,0,0.23390021219380355,-0.4015460954969599,-1.192191345117405,0.7906452496204452,agreement
trulicity,289,1.3217993079584776,1.354574905125776,0.6633919336384111,0.19377162629757785,0.22837370242214533,trulicity,11.371027743441651,0.2556450776306234,0.0188083438976604,0.1190734124697476,0.0115131958050017,0.0075832661057969,0,0.1695574163397804,0.8617182020251117,-1.5449835581133422,2.406701760138454,patient-worse-than-FAERS
tysabri,74,0.5,0.6596559336112878,0.5651194561379616,0.06756756756756757,0.7162162162162162,tysabri,12.101200899294,0.3118339907772654,0.02814195361131,0.1914130392532498,0.0058027508926241,0.0037703998622887,0,0.2246801510888159,-1.9282557791970019,-1.2427450352083056,-0.6855107439886963,agreement
ulipristal,75,1.0666666666666667,1.201517427817524,0.6651645557686504,0.18666666666666668,0.36,ulipristal,6.212606095751519,0.8975903614457831,0.0040160642570281,0.1345381526104417,0.0321285140562249,0.038152610441767,0,0.3929718875502007,0.2472201140093721,-0.3199997092227763,0.5672198232321484,agreement
uloric,32,1.46875,1.4083793838616048,0.8599276556147732,0.34375,0.375,uloric,9.70100410391822,0.7545771844957443,0.131145533582318,0.4285189493663136,0.0632461886977285,0.0374701524520908,0,0.6486042212888444,1.0777334525787525,1.0816350120532197,-0.003901559474467131,agreement
unisom sleeptabs,34,0.6764705882352942,0.8824332841804766,0.48628111784060524,0.029411764705882353,0.4117647058823529,unisom sleeptabs,8.342363500380579,0.332061978545888,0.0874434119609244,0.118417917560162,0.0264474624731951,0.0057183702644746,0,0.2714317934684601,-1.0338450102133037,-0.9864052980646326,-0.04743971214867104,agreement
ustekinumab,104,0.8365384615384616,1.0545257992788655,0.6315276354201714,0.17307692307692307,0.5769230769230769,ustekinumab,11.51861922471215,0.5918426266065366,0.0568459779258228,0.2177985482748334,0.0551158397136323,0.0564184150343044,0,0.42688360234011935,-0.34292468832140305,-0.1340614274240628,-0.20886326089734025,agreement
valacyclovir,297,0.5387205387205387,0.7882636292818148,0.48852429421485905,0.04040404040404041,0.6127946127946128,valacyclovir,11.1354207950214,0.6937998073386461,0.0810140614971701,0.3718419977828344,0.0472606336425695,0.0200711826827702,0,0.5269333373821758,-1.4119191422453348,0.4145123012529335,-1.8264314434982682,agreement
valium,196,0.7448979591836735,0.9835270468866502,0.48555691043002985,0.0663265306122449,0.4642857142857143,valium,11.684531481546326,0.8115396279822078,0.1911893530997304,0.347835242587601,0.0689268867924528,0.0341559973045822,0,0.6876195703353629,-0.6279718376916548,1.2955565730956986,-1.9235284107873534,agreement
valsartan,82,0.6341463414634146,0.8384833266547099,0.6560212343293137,0.08536585365853659,0.6463414634146342,valsartan,12.399960388695492,0.6502591100455605,0.1088837724627354,0.2775020490874867,0.0349683472616365,0.0199018909267641,0,0.484618531478191,-1.2102961404874892,0.18249978424591984,-1.392795924733409,agreement
valtrex,203,0.4433497536945813,0.7243663614396845,0.44770689961419385,0.034482758620689655,0.6896551724137931,valtrex,10.705735744369608,0.7205374366336189,0.0806097287603676,0.3976911006500784,0.0514010311589329,0.02228199955167,0,0.5523347346888078,-1.6684551155865193,0.5537884245554832,-2.2222435401420024,FAERS-worse-than-patient
vardenafil,125,0.656,0.8456336633244759,0.4533542534519497,0.024,0.488,vardenafil,6.507277712385012,0.8086696562032885,0.0792227204783258,0.3632286995515695,0.0523168908819133,0.0328849028400597,0,0.5683109118086695,-1.1815888320337447,0.6413859684066752,-1.8229748004404198,agreement
varenicline,1082,1.244916820702403,1.3467028743422365,0.5233303191425481,0.13031423290203328,0.2134935304990758,varenicline,11.318126386665162,0.3949008980544179,0.0199637905685366,0.0895029101204145,0.0140949464756558,0.0165008080292591,0,0.20601203784607525,0.8301134222367719,-1.3451024925731836,2.1752159148099555,patient-worse-than-FAERS
venlafaxine,1332,1.1861861861861862,1.2551474791218227,0.6613957448106588,0.1921921921921922,0.34234234234234234,venlafaxine,11.77370385722224,0.7421445192707772,0.1001440755664789,0.3183145470094689,0.0545483962925581,0.0362346197406639,0,0.5509476557049577,0.46253506997396227,0.5461830561872385,-0.08364798621327624,agreement
verapamil,109,1.1926605504587156,1.2549504686154618,0.5988247267042028,0.13761467889908258,0.3119266055045872,verapamil,8.37793112408273,0.901586571625661,0.2230397792595999,0.4483789376868246,0.0972637387905265,0.0342607495976086,0,0.8194987353414578,0.4617441084240475,2.0186513944042357,-1.5569072859801882,agreement
vesicare,96,0.9375,1.0674464861881676,0.5877700446065032,0.10416666666666667,0.3645833333333333,vesicare,10.16068464397519,0.5014499478018791,0.0522714092402861,0.2260197177653199,0.0223854629808621,0.0225787744055673,0,0.3494297649320966,-0.291050467334304,-0.5587416164260656,0.26769114909176156,agreement
viagra,151,0.5629139072847682,0.8015291667980011,0.3896476064560872,0.013245033112582781,0.5165562913907285,viagra,10.993681170094517,0.5513521700351716,0.0742907086190668,0.2277968266774236,0.0144043297028371,0.0188752185020841,0,0.37833088968205864,-1.3586604084444345,-0.4002764514720434,-0.9583839569723911,agreement
viberzi,124,1.064516129032258,1.174401661548984,0.6879191721224547,0.16129032258064516,0.3629032258064516,viberzi,7.97349996402463,0.3814610613370089,0.0220537560303239,0.1909028256374914,0.0082701585113714,0.0130944176430048,0,0.24772570640937272,0.1383552168469704,-1.116386017802456,1.2547412346494264,agreement
victoza,462,1.103896103896104,1.190685901321884,0.5902613000771699,0.11904761904761904,0.29004329004329005,victoza,10.639095384284838,0.4794139510346977,0.0400872190540087,0.2301480807015862,0.0314132362102841,0.0148080701586236,0,0.3344816827944749,0.2037334942184437,-0.6407021048907094,0.8444355991091531,agreement
viibryd,501,1.3632734530938124,1.4167195932591228,0.6473158064920039,0.18363273453093812,0.24550898203592814,viibryd,9.116688815894728,0.3916721599648429,0.0202086765513454,0.1092806150466776,0.0117517847336628,0.0187808896210873,0,0.21489868258582842,1.1112178848231444,-1.296376927850149,2.4075948126732936,patient-worse-than-FAERS
vilazodone,544,1.3639705882352942,1.4165867943194437,0.6552786986377716,0.1875,0.25183823529411764,vilazodone,9.116688815894728,0.3916721599648429,0.0202086765513454,0.1092806150466776,0.0117517847336628,0.0187808896210873,0,0.21489868258582842,1.1106847210995652,-1.296376927850149,2.407061648949714,patient-worse-than-FAERS
vimpat,82,1.3414634146341464,1.33486906212956,0.6529824979113037,0.1951219512195122,0.32926829268292684,vimpat,10.496317036581209,0.787736370673449,0.0852381083994361,0.3406484066222603,0.0527348608385616,0.0174677316823747,0,0.5462985237611125,0.782602806574515,0.5206918178099013,0.2619109887646137,agreement
viorele,34,1.6764705882352942,1.7624999008861018,0.6746720798640738,0.3235294117647059,0.14705882352941177,viorele,5.631211781821365,0.2877697841726618,0.0035971223021582,0.079136690647482,0.0287769784172661,0.0215827338129496,0,0.16762589928057534,2.4994632789527196,-1.5555740860615264,4.055037365014246,patient-worse-than-FAERS
vivitrol,84,0.8214285714285714,0.9539452085023593,0.6096866676858624,0.11904761904761904,0.42857142857142855,vivitrol,10.315663426335734,0.2829632084852502,0.0433760471507565,0.125889871196318,0.0110592364491242,0.0078143107844111,0,0.2055273520028777,-0.7467375683624117,-1.347760030048201,0.6010224616857894,agreement
voltaren,113,0.6017699115044248,0.8657688330991428,0.5195344818384742,0.05309734513274336,0.5309734513274337,voltaren,11.504197486739605,0.4972288682273842,0.0913951376979723,0.2343185715726823,0.082205185110461,0.0808332492686371,0,0.48007050652894345,-1.1007497672196402,0.15756291656230248,-1.2583126837819427,agreement
vortioxetine,681,1.2745961820851688,1.3290174839493505,0.6332914674790628,0.15859030837004406,0.27606461086637296,vortioxetine,9.718843300372528,0.4758321796183711,0.0588801347206351,0.1665363565285379,0.0200276658447104,0.024478258254646,0,0.3180548803244359,0.7591097785509862,-0.730770432182549,1.4898802107335352,agreement
votrient,47,1.0425531914893618,1.2552287600081138,0.5640678389228982,0.10638297872340426,0.40425531914893614,votrient,10.019980867971933,0.6091232754784157,0.2672452158433467,0.1862483311081442,0.0255006675567423,0.0130396083667111,0,0.5726346239430351,0.46286139803121573,0.6650929266137894,-0.20223152858257365,agreement
vraylar,76,0.9868421052631579,1.1088418921784544,0.6513585038228402,0.10526315789473684,0.39473684210526316,vraylar,9.09425589295538,0.3532981233846499,0.0266202403684151,0.1371447826575311,0.0159496798831854,0.0168482533977311,0,0.2257355899975357,-0.1248553994354874,-1.2369580527909725,1.112102653355485,agreement
vyvanse,598,1.1973244147157192,1.2487213609532006,0.49314119432757947,0.07190635451505016,0.2140468227424749,vyvanse,10.37872744857711,0.403293077689243,0.0089843628563434,0.1185065439736375,0.0142692821836043,0.0218857835670096,0,0.21596103239372522,0.4367353678135207,-1.2905520529013819,1.7272874207149025,agreement
warfarin,36,0.5277777777777778,0.8226252493666697,0.5869580256640317,0.08333333333333333,0.75,warfarin,11.750374207389497,0.7953446548718637,0.1273580441640378,0.4564826498422712,0.0644321766561514,0.0287302839116719,0,0.6658597056098239,-1.2739634525619001,1.1762470104768845,-2.4502104630387844,FAERS-worse-than-patient
welchol,35,0.8857142857142857,1.0850864524727024,0.6075903054239391,0.08571428571428572,0.45714285714285713,welchol,9.119758993744943,0.4243320192728865,0.0303295740720464,0.1863571663199386,0.0167524362203,0.0194897624000875,0,0.2778525456701829,-0.2202291932277281,-0.9512002475492112,0.7309710543214831,agreement
wellbutrin,393,1.104325699745547,1.1485169720265538,0.5087956336211474,0.07888040712468193,0.27735368956743,wellbutrin,11.44914399053381,0.5098733313430289,0.0470795139629076,0.2005329354082285,0.0253250905990193,0.0272862929013003,0,0.3396684585800562,0.034432870156385804,-0.6122629597864088,0.6466958299427946,agreement
wellbutrin sr,96,1.2604166666666667,1.2734412319829695,0.6106831968382233,0.15625,0.1875,wellbutrin sr,11.262603401275523,0.5338086978865549,0.0514938217689521,0.212551699334652,0.0259716906003545,0.0281038867624014,0,0.3583623540162092,0.5359811789358088,-0.5097641383892546,1.0457453173250633,agreement
wellbutrin xl,257,1.1828793774319066,1.2280715969759042,0.5314773239307845,0.09727626459143969,0.22568093385214008,wellbutrin xl,11.379828263785244,0.5142504513976185,0.0471229308749443,0.2017889578121251,0.0258405017306967,0.0277254189656945,0,0.34237273986083594,0.3538303003500781,-0.5974353576446823,0.9512656579947604,agreement
xanax,599,0.4607679465776294,0.7159815860726276,0.4277883769189101,0.02337228714524207,0.6277128547579299,xanax,12.220000205227588,0.7071948548994851,0.1638725074456125,0.3203339184631467,0.0400633123607029,0.0245655904222796,0,0.5854444863311894,-1.7021184721380003,0.735329534148583,-2.4374480062865835,FAERS-worse-than-patient
xanax xr,48,0.2708333333333333,0.5715837584956733,0.3388648595181628,0.0,0.75,xanax xr,12.220000205227588,0.7071948548994851,0.1638725074456125,0.3203339184631467,0.0400633123607029,0.0245655904222796,0,0.5854444863311894,-2.2818496327461264,0.735329534148583,-3.017179166894709,FAERS-worse-than-patient
xarelto,100,0.96,1.1104871039582542,0.6668318900920629,0.11,0.5,xarelto,12.230950606796076,0.8393863264957682,0.1315469890800197,0.5010363983085979,0.0453625443212688,0.0194403936850422,0,0.6837793972195936,-0.11825017170765882,1.2745008643124898,-1.3927510360201485,agreement
xeljanz,33,1.0,1.1176602113275296,0.7392828310688315,0.24242424242424243,0.5454545454545454,xeljanz,12.115496741336942,0.4783494093302823,0.048817604554412,0.1363915042697613,0.0324720823297569,0.0462557477556382,0,0.3188748687811296,-0.08945144301390122,-0.7262744270210015,0.6368229840071004,agreement
xenical,69,1.0289855072463767,1.1364001237904438,0.5281079509779348,0.07246376811594203,0.391304347826087,xenical,8.400209835930418,0.89206206431302,0.0467731054643579,0.3436024286035529,0.0469979761637058,0.0476725882617494,0,0.5571621317742296,-0.014214083947470101,0.5802570925418713,-0.5944711764893414,agreement
xifaxan,42,1.380952380952381,1.242577424409972,0.7211304274820552,0.19047619047619047,0.35714285714285715,xifaxan,9.92000046091034,0.7799911465250111,0.2949045839071414,0.391304347826087,0.0231162699193389,0.0139681290576431,0,0.7528248080535094,0.4120685738410813,1.6530775637237842,-1.2410089898827028,agreement
xiidra,82,1.024390243902439,1.1548098831908935,0.5849277881200442,0.14634146341463414,0.32926829268292684,xiidra,9.681468368883628,0.1778443861621081,0.0178560279702815,0.0393332084660048,0.0027470812261971,0.0076793407005057,0,0.098449151523228,0.05969777028767245,-1.9348709071779862,1.9945686774656586,agreement
xolair,80,0.725,0.9071976205636562,0.6330523066404368,0.1125,0.5875,xolair,11.316886249848029,0.5337396338410054,0.029441463800382,0.1872574424857354,0.0245386084650291,0.0103288441183984,0,0.3100531528504535,-0.9344206787394829,-0.774643986414497,-0.15977669232498581,agreement
xulane,204,1.6862745098039216,1.6269379408405291,0.6970624439572338,0.35784313725490197,0.16176470588235295,xulane,7.476472381163905,0.1486946651532349,0.0028328611898017,0.0362606232294617,0.0084985835694051,0.0135977337110481,0,0.08188885280376076,1.9552065283471793,-2.0256711957816917,3.980877724128871,patient-worse-than-FAERS
xyrem,71,1.0845070422535212,1.163677610183587,0.4049379354745176,0.028169014084507043,0.23943661971830985,xyrem,11.032839176116262,0.5186190845616757,0.0150795190069821,0.1205068528575122,0.0026991207654512,0.0073700543056633,0,0.2382370054305662,0.09530009026503147,-1.1684126630909908,1.2637127533560222,agreement
xyzal,146,0.8767123287671232,1.0625405209727228,0.6603496724823988,0.1232876712328767,0.5068493150684932,xyzal,10.038717501796231,0.4039680111873443,0.0412753876392225,0.1672854335007643,0.0207905656256824,0.0157239571958943,0,0.2737477302834799,-0.3107470303365223,-0.9737069926322225,0.6629599622957002,agreement
yasmin,224,1.6830357142857142,1.6234790990945922,0.6178647763252261,0.3125,0.17857142857142858,yasmin,10.108467133222666,0.8878569391828588,0.0173530490040327,0.5168031284370035,0.0447676076418591,0.0325471505967656,0,0.6007087865086153,1.9413199043350333,0.8190238493854555,1.1222960549495777,agreement
yaz,466,1.5150214592274678,1.5280127574864497,0.6257923693760126,0.19313304721030042,0.22746781115879827,yaz,10.34788487064608,0.7738377685155499,0.0119910227637063,0.4596024366784226,0.0399487015068932,0.0253606925296569,0,0.5236550176338569,1.5580398096950692,0.39653724027576265,1.1615025694193064,agreement
yuvafem,31,0.16129032258064516,0.6429252497403652,0.44780372583645506,0.0,0.8709677419354839,yuvafem,10.679366130693538,0.4935181767853847,0.0199314138415153,0.1580473658772354,0.018527468986628,0.0270432000736495,0,0.28076276505660547,-1.9954264488740683,-0.9352434846511704,-1.060182964222898,agreement
zaleplon,75,0.8666666666666667,0.9641150647896746,0.5166589862954022,0.08,0.41333333333333333,zaleplon,7.355641102974253,0.5719769673704415,0.1118925831202046,0.219309462915601,0.0198209718670076,0.0147058823529411,0,0.41929129992980235,-0.7059074347821743,-0.17569009981105296,-0.5302173349711213,agreement
zanaflex,78,0.782051282051282,0.9999177590622261,0.46751356419928203,0.05128205128205128,0.44871794871794873,zanaflex,9.776108623206298,0.5916349377734841,0.0500369171352303,0.2938603964332368,0.0196512750610552,0.0229454194354518,0,0.4062404103375543,-0.5621660928810109,-0.24724826199071115,-0.3149178308902998,agreement
zetia,34,1.3823529411764706,1.3967553394032681,0.9171037683487606,0.35294117647058826,0.47058823529411764,zetia,11.19043108139968,0.6526279439187789,0.0581779023373324,0.294548065108445,0.043212347962945,0.0396780472988831,0,0.4635848295467627,1.031065016509653,0.06717177971343548,0.9638932367962176,agreement
ziana,65,1.1538461538461537,1.189058976869675,0.43616655752371286,0.03076923076923077,0.15384615384615385,ziana,5.0238805208462765,0.3708609271523179,0.0198675496688741,0.1589403973509933,0.0066225165562913,0.0198675496688741,0,0.22980132450331103,0.19720168680327907,-1.2146655885809838,1.411867275384263,agreement
ziprasidone,248,1.1370967741935485,1.306390962474618,0.6761625310232433,0.18951612903225806,0.3911290322580645,ziprasidone,9.900131928722766,0.7035773418293111,0.0780654224362833,0.251003411599438,0.0357214529399959,0.0270921131848284,0,0.4621819723661722,0.6682683872697999,0.05947989932980081,0.6087884879399991,agreement
zithromax,101,0.9405940594059405,1.1482979310436459,0.7569710156587967,0.16831683168316833,0.46534653465346537,zithromax,9.845381631129095,0.681312274750901,0.0765765765765765,0.3384737678855326,0.0440911499735029,0.0325384207737148,0,0.5082569574650158,0.03355346022776841,0.31210951762699,-0.2785560573992216,agreement
zoladex,32,1.6875,1.7190004596228736,0.7073968835442999,0.21875,0.15625,zoladex,9.478916074688229,0.903211009174312,0.1824159021406727,0.2972477064220183,0.0427370030581039,0.0391437308868501,0,0.6635932721712536,2.3248208899881297,1.1638201325678919,1.161000757420238,agreement
zoledronic acid,63,1.507936507936508,1.4983878456781328,0.8025000778752814,0.3492063492063492,0.31746031746031744,zoledronic acid,10.571778357097209,0.8671316120099485,0.1296870594868903,0.2886177819924648,0.0430068944306328,0.0508239997949611,0,0.6041177494870863,1.4391011470175015,0.8377152285403888,0.6013859184771126,agreement
zolmitriptan,96,0.9791666666666666,1.176493543905739,0.7118815196844482,0.16666666666666666,0.4166666666666667,zolmitriptan,8.859363449152088,0.6361182154021029,0.0238670265662736,0.2363972155135672,0.0411990339536866,0.0426196902969171,0,0.39569410931447935,0.1467537461523427,-0.3050737392250718,0.4518274853774145,agreement
zoloft,1077,1.095636025998143,1.1734539253539285,0.599760203240533,0.14484679665738162,0.33240482822655526,zoloft,11.54846633888932,0.6361951106476654,0.0709922117027128,0.2826273680959688,0.0345889188067595,0.0330737234237625,0,0.4539871703870382,0.13455022744006878,0.014547715595646084,0.1200025118444227,agreement
zolpidem,628,0.5748407643312102,0.8226755784709958,0.4760424128071937,0.03662420382165605,0.5668789808917197,zolpidem,11.797803610089275,0.6928585936853509,0.1196308636496965,0.3441587256221843,0.0457208613181507,0.027775479659143,0,0.5555873293823146,-1.2737613903110134,0.5716224347919121,-1.8453838251029255,agreement
zomig,60,1.1333333333333333,1.3078155898348605,0.7777648710781656,0.21666666666666667,0.4,zomig,8.856518497019858,0.6357936734112283,0.0239350334805527,0.2363584556204587,0.0413164268414304,0.0425986607778885,0,0.3957245673318168,0.6739880084500239,-0.30490673760201,0.9788947460520339,agreement
zonegran,40,1.075,1.19091021091931,0.6929614194325682,0.125,0.4,zonegran,9.57768815797122,0.7578655578655579,0.0603269150851918,0.3085607424851087,0.0409336473195733,0.0232719213187422,0,0.4910042164661917,0.20463405668142098,0.21751256086698476,-0.012878504185563772,agreement
zonisamide,66,1.2424242424242424,1.3397477601824979,0.7667294297050394,0.21212121212121213,0.36363636363636365,zonisamide,9.580799870885532,0.7574438687392056,0.060277566802458,0.3084305737761513,0.0408755092177035,0.0233377062763239,0,0.4907628160798848,0.8021898968510563,0.21618896006019836,0.586000936790858,agreement
zubsolv,53,1.2641509433962264,1.3605526071395277,0.6392629149170351,0.18867924528301888,0.33962264150943394,zubsolv,7.186144304522325,0.3393939393939394,0.0098484848484848,0.0628787878787878,0.0143939393939393,0.0393939393939393,0,0.18219696969696947,0.8857175944284008,-1.4756807567510954,2.3613983511794965,patient-worse-than-FAERS
zyclara,33,1.1818181818181819,1.2678381724797405,0.6551782305947536,0.18181818181818182,0.42424242424242425,zyclara,7.707512194600341,0.5537561853351327,0.0323741007194244,0.141636690647482,0.0094424460431654,0.0256294964028776,0,0.2948139059602518,0.5134859084509931,-0.8582009342192378,1.3716868426702309,agreement
zyprexa,209,1.1148325358851674,1.2390080779812183,0.6724297529551205,0.11961722488038277,0.40669856459330145,zyprexa,11.572542520538695,0.8601096809452915,0.1231934578206553,0.4400708484859905,0.0799495016110493,0.0329746942774773,0,0.6883036736303116,0.3977382935143142,1.2993075185145195,-0.9015692250002053,agreement
zyrtec,99,0.8282828282828283,1.0246094758842796,0.6082075057121963,0.13131313131313133,0.5151515151515151,zyrtec,11.723704894580669,0.4787501418819218,0.05704543061484,0.1973222746895831,0.0518859901346962,0.0629662327984902,0,0.38491676559090815,-0.46303331581047247,-0.36416602596813874,-0.09886728984233373,agreement
